ref_date,month,industry,industry_display,is_rollup,employment_thousands,employment_mom_change_thousands,employment_yoy_change_thousands,employment_yoy_change_percent
2021-01,2021-01-01,Accommodation and food services [72],Accommodation and food services,False,311.7,,,
2021-02,2021-02-01,Accommodation and food services [72],Accommodation and food services,False,343.5,31.8,,
2021-03,2021-03-01,Accommodation and food services [72],Accommodation and food services,False,348.9,5.4,,
2021-04,2021-04-01,Accommodation and food services [72],Accommodation and food services,False,320.6,-28.3,,
2021-05,2021-05-01,Accommodation and food services [72],Accommodation and food services,False,330.8,10.2,,
2021-06,2021-06-01,Accommodation and food services [72],Accommodation and food services,False,339.5,8.7,,
2021-07,2021-07-01,Accommodation and food services [72],Accommodation and food services,False,358.1,18.6,,
2021-08,2021-08-01,Accommodation and food services [72],Accommodation and food services,False,408.2,50.1,,
2021-09,2021-09-01,Accommodation and food services [72],Accommodation and food services,False,412.7,4.5,,
2021-10,2021-10-01,Accommodation and food services [72],Accommodation and food services,False,414.6,1.9,,
2021-11,2021-11-01,Accommodation and food services [72],Accommodation and food services,False,407.4,-7.2,,
2021-12,2021-12-01,Accommodation and food services [72],Accommodation and food services,False,409.4,2.0,,
2022-01,2022-01-01,Accommodation and food services [72],Accommodation and food services,False,331.4,-78.0,19.7,6.3
2022-02,2022-02-01,Accommodation and food services [72],Accommodation and food services,False,395.9,64.5,52.4,15.3
2022-03,2022-03-01,Accommodation and food services [72],Accommodation and food services,False,392.2,-3.7,43.3,12.4
2022-04,2022-04-01,Accommodation and food services [72],Accommodation and food services,False,398.4,6.2,77.8,24.3
2022-05,2022-05-01,Accommodation and food services [72],Accommodation and food services,False,399.7,1.3,68.9,20.8
2022-06,2022-06-01,Accommodation and food services [72],Accommodation and food services,False,399.3,-0.4,59.8,17.6
2022-07,2022-07-01,Accommodation and food services [72],Accommodation and food services,False,395.8,-3.5,37.7,10.5
2022-08,2022-08-01,Accommodation and food services [72],Accommodation and food services,False,403.8,8.0,-4.4,-1.1
2022-09,2022-09-01,Accommodation and food services [72],Accommodation and food services,False,399.4,-4.4,-13.3,-3.2
2022-10,2022-10-01,Accommodation and food services [72],Accommodation and food services,False,408.4,9.0,-6.2,-1.5
2022-11,2022-11-01,Accommodation and food services [72],Accommodation and food services,False,408.9,0.5,1.5,0.4
2022-12,2022-12-01,Accommodation and food services [72],Accommodation and food services,False,420.1,11.2,10.7,2.6
2023-01,2023-01-01,Accommodation and food services [72],Accommodation and food services,False,424.7,4.6,93.3,28.2
2023-02,2023-02-01,Accommodation and food services [72],Accommodation and food services,False,427.2,2.5,31.3,7.9
2023-03,2023-03-01,Accommodation and food services [72],Accommodation and food services,False,423.9,-3.3,31.7,8.1
2023-04,2023-04-01,Accommodation and food services [72],Accommodation and food services,False,418.2,-5.7,19.8,5.0
2023-05,2023-05-01,Accommodation and food services [72],Accommodation and food services,False,431.6,13.4,31.9,8.0
2023-06,2023-06-01,Accommodation and food services [72],Accommodation and food services,False,427.0,-4.6,27.7,6.9
2023-07,2023-07-01,Accommodation and food services [72],Accommodation and food services,False,429.1,2.1,33.3,8.4
2023-08,2023-08-01,Accommodation and food services [72],Accommodation and food services,False,426.7,-2.4,22.9,5.7
2023-09,2023-09-01,Accommodation and food services [72],Accommodation and food services,False,430.3,3.6,30.9,7.7
2023-10,2023-10-01,Accommodation and food services [72],Accommodation and food services,False,421.1,-9.2,12.7,3.1
2023-11,2023-11-01,Accommodation and food services [72],Accommodation and food services,False,426.5,5.4,17.6,4.3
2023-12,2023-12-01,Accommodation and food services [72],Accommodation and food services,False,423.4,-3.1,3.3,0.8
2024-01,2024-01-01,Accommodation and food services [72],Accommodation and food services,False,405.5,-17.9,-19.2,-4.5
2024-02,2024-02-01,Accommodation and food services [72],Accommodation and food services,False,418.6,13.1,-8.6,-2.0
2024-03,2024-03-01,Accommodation and food services [72],Accommodation and food services,False,402.5,-16.1,-21.4,-5.0
2024-04,2024-04-01,Accommodation and food services [72],Accommodation and food services,False,415.3,12.8,-2.9,-0.7
2024-05,2024-05-01,Accommodation and food services [72],Accommodation and food services,False,421.8,6.5,-9.8,-2.3
2024-06,2024-06-01,Accommodation and food services [72],Accommodation and food services,False,425.1,3.3,-1.9,-0.4
2024-07,2024-07-01,Accommodation and food services [72],Accommodation and food services,False,425.7,0.6,-3.4,-0.8
2024-08,2024-08-01,Accommodation and food services [72],Accommodation and food services,False,423.6,-2.1,-3.1,-0.7
2024-09,2024-09-01,Accommodation and food services [72],Accommodation and food services,False,424.5,0.9,-5.8,-1.3
2024-10,2024-10-01,Accommodation and food services [72],Accommodation and food services,False,421.4,-3.1,0.3,0.1
2024-11,2024-11-01,Accommodation and food services [72],Accommodation and food services,False,425.7,4.3,-0.8,-0.2
2024-12,2024-12-01,Accommodation and food services [72],Accommodation and food services,False,427.7,2.0,4.3,1.0
2025-01,2025-01-01,Accommodation and food services [72],Accommodation and food services,False,435.5,7.8,30.0,7.4
2025-02,2025-02-01,Accommodation and food services [72],Accommodation and food services,False,438.8,3.3,20.2,4.8
2025-03,2025-03-01,Accommodation and food services [72],Accommodation and food services,False,442.0,3.2,39.5,9.8
2025-04,2025-04-01,Accommodation and food services [72],Accommodation and food services,False,438.6,-3.4,23.3,5.6
2025-05,2025-05-01,Accommodation and food services [72],Accommodation and food services,False,432.1,-6.5,10.3,2.4
2025-06,2025-06-01,Accommodation and food services [72],Accommodation and food services,False,435.7,3.6,10.6,2.5
2025-07,2025-07-01,Accommodation and food services [72],Accommodation and food services,False,440.6,4.9,14.9,3.5
2025-08,2025-08-01,Accommodation and food services [72],Accommodation and food services,False,438.9,-1.7,15.3,3.6
2025-09,2025-09-01,Accommodation and food services [72],Accommodation and food services,False,440.6,1.7,16.1,3.8
2025-10,2025-10-01,Accommodation and food services [72],Accommodation and food services,False,452.4,11.8,31.0,7.4
2025-11,2025-11-01,Accommodation and food services [72],Accommodation and food services,False,438.6,-13.8,12.9,3.0
2025-12,2025-12-01,Accommodation and food services [72],Accommodation and food services,False,434.6,-4.0,6.9,1.6
2026-01,2026-01-01,Accommodation and food services [72],Accommodation and food services,False,438.6,4.0,3.1,0.7
2026-02,2026-02-01,Accommodation and food services [72],Accommodation and food services,False,428.6,-10.0,-10.2,-2.3
2026-03,2026-03-01,Accommodation and food services [72],Accommodation and food services,False,418.8,-9.8,-23.2,-5.2
2026-04,2026-04-01,Accommodation and food services [72],Accommodation and food services,False,426.6,7.8,-12.0,-2.7
2021-01,2021-01-01,"Agriculture [111-112, 1100, 1151-1152]",Agriculture,False,65.5,,,
2021-02,2021-02-01,"Agriculture [111-112, 1100, 1151-1152]",Agriculture,False,64.7,-0.8,,
2021-03,2021-03-01,"Agriculture [111-112, 1100, 1151-1152]",Agriculture,False,66.2,1.5,,
2021-04,2021-04-01,"Agriculture [111-112, 1100, 1151-1152]",Agriculture,False,72.0,5.8,,
2021-05,2021-05-01,"Agriculture [111-112, 1100, 1151-1152]",Agriculture,False,71.8,-0.2,,
2021-06,2021-06-01,"Agriculture [111-112, 1100, 1151-1152]",Agriculture,False,69.5,-2.3,,
2021-07,2021-07-01,"Agriculture [111-112, 1100, 1151-1152]",Agriculture,False,67.4,-2.1,,
2021-08,2021-08-01,"Agriculture [111-112, 1100, 1151-1152]",Agriculture,False,67.8,0.4,,
2021-09,2021-09-01,"Agriculture [111-112, 1100, 1151-1152]",Agriculture,False,60.3,-7.5,,
2021-10,2021-10-01,"Agriculture [111-112, 1100, 1151-1152]",Agriculture,False,66.2,5.9,,
2021-11,2021-11-01,"Agriculture [111-112, 1100, 1151-1152]",Agriculture,False,64.9,-1.3,,
2021-12,2021-12-01,"Agriculture [111-112, 1100, 1151-1152]",Agriculture,False,62.6,-2.3,,
2022-01,2022-01-01,"Agriculture [111-112, 1100, 1151-1152]",Agriculture,False,66.4,3.8,0.9,1.4
2022-02,2022-02-01,"Agriculture [111-112, 1100, 1151-1152]",Agriculture,False,67.8,1.4,3.1,4.8
2022-03,2022-03-01,"Agriculture [111-112, 1100, 1151-1152]",Agriculture,False,67.7,-0.1,1.5,2.3
2022-04,2022-04-01,"Agriculture [111-112, 1100, 1151-1152]",Agriculture,False,70.9,3.2,-1.1,-1.5
2022-05,2022-05-01,"Agriculture [111-112, 1100, 1151-1152]",Agriculture,False,73.0,2.1,1.2,1.7
2022-06,2022-06-01,"Agriculture [111-112, 1100, 1151-1152]",Agriculture,False,73.6,0.6,4.1,5.9
2022-07,2022-07-01,"Agriculture [111-112, 1100, 1151-1152]",Agriculture,False,72.7,-0.9,5.3,7.9
2022-08,2022-08-01,"Agriculture [111-112, 1100, 1151-1152]",Agriculture,False,73.6,0.9,5.8,8.6
2022-09,2022-09-01,"Agriculture [111-112, 1100, 1151-1152]",Agriculture,False,70.8,-2.8,10.5,17.4
2022-10,2022-10-01,"Agriculture [111-112, 1100, 1151-1152]",Agriculture,False,72.6,1.8,6.4,9.7
2022-11,2022-11-01,"Agriculture [111-112, 1100, 1151-1152]",Agriculture,False,75.3,2.7,10.4,16.0
2022-12,2022-12-01,"Agriculture [111-112, 1100, 1151-1152]",Agriculture,False,81.6,6.3,19.0,30.4
2023-01,2023-01-01,"Agriculture [111-112, 1100, 1151-1152]",Agriculture,False,77.8,-3.8,11.4,17.2
2023-02,2023-02-01,"Agriculture [111-112, 1100, 1151-1152]",Agriculture,False,75.5,-2.3,7.7,11.4
2023-03,2023-03-01,"Agriculture [111-112, 1100, 1151-1152]",Agriculture,False,78.8,3.3,11.1,16.4
2023-04,2023-04-01,"Agriculture [111-112, 1100, 1151-1152]",Agriculture,False,76.1,-2.7,5.2,7.3
2023-05,2023-05-01,"Agriculture [111-112, 1100, 1151-1152]",Agriculture,False,74.2,-1.9,1.2,1.6
2023-06,2023-06-01,"Agriculture [111-112, 1100, 1151-1152]",Agriculture,False,73.8,-0.4,0.2,0.3
2023-07,2023-07-01,"Agriculture [111-112, 1100, 1151-1152]",Agriculture,False,81.9,8.1,9.2,12.7
2023-08,2023-08-01,"Agriculture [111-112, 1100, 1151-1152]",Agriculture,False,79.8,-2.1,6.2,8.4
2023-09,2023-09-01,"Agriculture [111-112, 1100, 1151-1152]",Agriculture,False,80.6,0.8,9.8,13.8
2023-10,2023-10-01,"Agriculture [111-112, 1100, 1151-1152]",Agriculture,False,79.7,-0.9,7.1,9.8
2023-11,2023-11-01,"Agriculture [111-112, 1100, 1151-1152]",Agriculture,False,76.9,-2.8,1.6,2.1
2023-12,2023-12-01,"Agriculture [111-112, 1100, 1151-1152]",Agriculture,False,72.0,-4.9,-9.6,-11.8
2024-01,2024-01-01,"Agriculture [111-112, 1100, 1151-1152]",Agriculture,False,71.7,-0.3,-6.1,-7.8
2024-02,2024-02-01,"Agriculture [111-112, 1100, 1151-1152]",Agriculture,False,71.8,0.1,-3.7,-4.9
2024-03,2024-03-01,"Agriculture [111-112, 1100, 1151-1152]",Agriculture,False,70.2,-1.6,-8.6,-10.9
2024-04,2024-04-01,"Agriculture [111-112, 1100, 1151-1152]",Agriculture,False,68.1,-2.1,-8.0,-10.5
2024-05,2024-05-01,"Agriculture [111-112, 1100, 1151-1152]",Agriculture,False,73.5,5.4,-0.7,-0.9
2024-06,2024-06-01,"Agriculture [111-112, 1100, 1151-1152]",Agriculture,False,73.6,0.1,-0.2,-0.3
2024-07,2024-07-01,"Agriculture [111-112, 1100, 1151-1152]",Agriculture,False,72.2,-1.4,-9.7,-11.8
2024-08,2024-08-01,"Agriculture [111-112, 1100, 1151-1152]",Agriculture,False,73.6,1.4,-6.2,-7.8
2024-09,2024-09-01,"Agriculture [111-112, 1100, 1151-1152]",Agriculture,False,72.1,-1.5,-8.5,-10.5
2024-10,2024-10-01,"Agriculture [111-112, 1100, 1151-1152]",Agriculture,False,72.6,0.5,-7.1,-8.9
2024-11,2024-11-01,"Agriculture [111-112, 1100, 1151-1152]",Agriculture,False,69.1,-3.5,-7.8,-10.1
2024-12,2024-12-01,"Agriculture [111-112, 1100, 1151-1152]",Agriculture,False,71.2,2.1,-0.8,-1.1
2025-01,2025-01-01,"Agriculture [111-112, 1100, 1151-1152]",Agriculture,False,73.7,2.5,2.0,2.8
2025-02,2025-02-01,"Agriculture [111-112, 1100, 1151-1152]",Agriculture,False,71.5,-2.2,-0.3,-0.4
2025-03,2025-03-01,"Agriculture [111-112, 1100, 1151-1152]",Agriculture,False,67.9,-3.6,-2.3,-3.3
2025-04,2025-04-01,"Agriculture [111-112, 1100, 1151-1152]",Agriculture,False,66.9,-1.0,-1.2,-1.8
2025-05,2025-05-01,"Agriculture [111-112, 1100, 1151-1152]",Agriculture,False,62.5,-4.4,-11.0,-15.0
2025-06,2025-06-01,"Agriculture [111-112, 1100, 1151-1152]",Agriculture,False,62.4,-0.1,-11.2,-15.2
2025-07,2025-07-01,"Agriculture [111-112, 1100, 1151-1152]",Agriculture,False,59.3,-3.1,-12.9,-17.9
2025-08,2025-08-01,"Agriculture [111-112, 1100, 1151-1152]",Agriculture,False,59.7,0.4,-13.9,-18.9
2025-09,2025-09-01,"Agriculture [111-112, 1100, 1151-1152]",Agriculture,False,63.7,4.0,-8.4,-11.7
2025-10,2025-10-01,"Agriculture [111-112, 1100, 1151-1152]",Agriculture,False,64.0,0.3,-8.6,-11.8
2025-11,2025-11-01,"Agriculture [111-112, 1100, 1151-1152]",Agriculture,False,67.8,3.8,-1.3,-1.9
2025-12,2025-12-01,"Agriculture [111-112, 1100, 1151-1152]",Agriculture,False,67.6,-0.2,-3.6,-5.1
2026-01,2026-01-01,"Agriculture [111-112, 1100, 1151-1152]",Agriculture,False,69.3,1.7,-4.4,-6.0
2026-02,2026-02-01,"Agriculture [111-112, 1100, 1151-1152]",Agriculture,False,67.3,-2.0,-4.2,-5.9
2026-03,2026-03-01,"Agriculture [111-112, 1100, 1151-1152]",Agriculture,False,67.7,0.4,-0.2,-0.3
2026-04,2026-04-01,"Agriculture [111-112, 1100, 1151-1152]",Agriculture,False,68.4,0.7,1.5,2.2
2021-01,2021-01-01,"Business, building and other support services [55-56]","Business, building and other support services",False,264.5,,,
2021-02,2021-02-01,"Business, building and other support services [55-56]","Business, building and other support services",False,266.1,1.6,,
2021-03,2021-03-01,"Business, building and other support services [55-56]","Business, building and other support services",False,268.1,2.0,,
2021-04,2021-04-01,"Business, building and other support services [55-56]","Business, building and other support services",False,271.6,3.5,,
2021-05,2021-05-01,"Business, building and other support services [55-56]","Business, building and other support services",False,278.0,6.4,,
2021-06,2021-06-01,"Business, building and other support services [55-56]","Business, building and other support services",False,273.7,-4.3,,
2021-07,2021-07-01,"Business, building and other support services [55-56]","Business, building and other support services",False,288.5,14.8,,
2021-08,2021-08-01,"Business, building and other support services [55-56]","Business, building and other support services",False,288.6,0.1,,
2021-09,2021-09-01,"Business, building and other support services [55-56]","Business, building and other support services",False,288.9,0.3,,
2021-10,2021-10-01,"Business, building and other support services [55-56]","Business, building and other support services",False,284.9,-4.0,,
2021-11,2021-11-01,"Business, building and other support services [55-56]","Business, building and other support services",False,288.6,3.7,,
2021-12,2021-12-01,"Business, building and other support services [55-56]","Business, building and other support services",False,290.9,2.3,,
2022-01,2022-01-01,"Business, building and other support services [55-56]","Business, building and other support services",False,280.5,-10.4,16.0,6.0
2022-02,2022-02-01,"Business, building and other support services [55-56]","Business, building and other support services",False,294.2,13.7,28.1,10.6
2022-03,2022-03-01,"Business, building and other support services [55-56]","Business, building and other support services",False,285.7,-8.5,17.6,6.6
2022-04,2022-04-01,"Business, building and other support services [55-56]","Business, building and other support services",False,276.2,-9.5,4.6,1.7
2022-05,2022-05-01,"Business, building and other support services [55-56]","Business, building and other support services",False,279.2,3.0,1.2,0.4
2022-06,2022-06-01,"Business, building and other support services [55-56]","Business, building and other support services",False,281.7,2.5,8.0,2.9
2022-07,2022-07-01,"Business, building and other support services [55-56]","Business, building and other support services",False,282.5,0.8,-6.0,-2.1
2022-08,2022-08-01,"Business, building and other support services [55-56]","Business, building and other support services",False,284.4,1.9,-4.2,-1.5
2022-09,2022-09-01,"Business, building and other support services [55-56]","Business, building and other support services",False,285.4,1.0,-3.5,-1.2
2022-10,2022-10-01,"Business, building and other support services [55-56]","Business, building and other support services",False,282.9,-2.5,-2.0,-0.7
2022-11,2022-11-01,"Business, building and other support services [55-56]","Business, building and other support services",False,277.2,-5.7,-11.4,-4.0
2022-12,2022-12-01,"Business, building and other support services [55-56]","Business, building and other support services",False,290.7,13.5,-0.2,-0.1
2023-01,2023-01-01,"Business, building and other support services [55-56]","Business, building and other support services",False,288.0,-2.7,7.5,2.7
2023-02,2023-02-01,"Business, building and other support services [55-56]","Business, building and other support services",False,280.9,-7.1,-13.3,-4.5
2023-03,2023-03-01,"Business, building and other support services [55-56]","Business, building and other support services",False,291.2,10.3,5.5,1.9
2023-04,2023-04-01,"Business, building and other support services [55-56]","Business, building and other support services",False,291.4,0.2,15.2,5.5
2023-05,2023-05-01,"Business, building and other support services [55-56]","Business, building and other support services",False,281.3,-10.1,2.1,0.8
2023-06,2023-06-01,"Business, building and other support services [55-56]","Business, building and other support services",False,284.0,2.7,2.3,0.8
2023-07,2023-07-01,"Business, building and other support services [55-56]","Business, building and other support services",False,285.6,1.6,3.1,1.1
2023-08,2023-08-01,"Business, building and other support services [55-56]","Business, building and other support services",False,278.6,-7.0,-5.8,-2.0
2023-09,2023-09-01,"Business, building and other support services [55-56]","Business, building and other support services",False,280.4,1.8,-5.0,-1.8
2023-10,2023-10-01,"Business, building and other support services [55-56]","Business, building and other support services",False,272.8,-7.6,-10.1,-3.6
2023-11,2023-11-01,"Business, building and other support services [55-56]","Business, building and other support services",False,284.4,11.6,7.2,2.6
2023-12,2023-12-01,"Business, building and other support services [55-56]","Business, building and other support services",False,276.4,-8.0,-14.3,-4.9
2024-01,2024-01-01,"Business, building and other support services [55-56]","Business, building and other support services",False,284.8,8.4,-3.2,-1.1
2024-02,2024-02-01,"Business, building and other support services [55-56]","Business, building and other support services",False,271.1,-13.7,-9.8,-3.5
2024-03,2024-03-01,"Business, building and other support services [55-56]","Business, building and other support services",False,279.6,8.5,-11.6,-4.0
2024-04,2024-04-01,"Business, building and other support services [55-56]","Business, building and other support services",False,284.6,5.0,-6.8,-2.3
2024-05,2024-05-01,"Business, building and other support services [55-56]","Business, building and other support services",False,288.9,4.3,7.6,2.7
2024-06,2024-06-01,"Business, building and other support services [55-56]","Business, building and other support services",False,289.2,0.3,5.2,1.8
2024-07,2024-07-01,"Business, building and other support services [55-56]","Business, building and other support services",False,293.1,3.9,7.5,2.6
2024-08,2024-08-01,"Business, building and other support services [55-56]","Business, building and other support services",False,293.6,0.5,15.0,5.4
2024-09,2024-09-01,"Business, building and other support services [55-56]","Business, building and other support services",False,287.5,-6.1,7.1,2.5
2024-10,2024-10-01,"Business, building and other support services [55-56]","Business, building and other support services",False,305.9,18.4,33.1,12.1
2024-11,2024-11-01,"Business, building and other support services [55-56]","Business, building and other support services",False,296.6,-9.3,12.2,4.3
2024-12,2024-12-01,"Business, building and other support services [55-56]","Business, building and other support services",False,303.7,7.1,27.3,9.9
2025-01,2025-01-01,"Business, building and other support services [55-56]","Business, building and other support services",False,295.2,-8.5,10.4,3.7
2025-02,2025-02-01,"Business, building and other support services [55-56]","Business, building and other support services",False,300.6,5.4,29.5,10.9
2025-03,2025-03-01,"Business, building and other support services [55-56]","Business, building and other support services",False,288.5,-12.1,8.9,3.2
2025-04,2025-04-01,"Business, building and other support services [55-56]","Business, building and other support services",False,277.9,-10.6,-6.7,-2.4
2025-05,2025-05-01,"Business, building and other support services [55-56]","Business, building and other support services",False,284.6,6.7,-4.3,-1.5
2025-06,2025-06-01,"Business, building and other support services [55-56]","Business, building and other support services",False,275.0,-9.6,-14.2,-4.9
2025-07,2025-07-01,"Business, building and other support services [55-56]","Business, building and other support services",False,261.1,-13.9,-32.0,-10.9
2025-08,2025-08-01,"Business, building and other support services [55-56]","Business, building and other support services",False,265.6,4.5,-28.0,-9.5
2025-09,2025-09-01,"Business, building and other support services [55-56]","Business, building and other support services",False,274.1,8.5,-13.4,-4.7
2025-10,2025-10-01,"Business, building and other support services [55-56]","Business, building and other support services",False,268.0,-6.1,-37.9,-12.4
2025-11,2025-11-01,"Business, building and other support services [55-56]","Business, building and other support services",False,273.8,5.8,-22.8,-7.7
2025-12,2025-12-01,"Business, building and other support services [55-56]","Business, building and other support services",False,270.9,-2.9,-32.8,-10.8
2026-01,2026-01-01,"Business, building and other support services [55-56]","Business, building and other support services",False,279.3,8.4,-15.9,-5.4
2026-02,2026-02-01,"Business, building and other support services [55-56]","Business, building and other support services",False,282.9,3.6,-17.7,-5.9
2026-03,2026-03-01,"Business, building and other support services [55-56]","Business, building and other support services",False,285.1,2.2,-3.4,-1.2
2026-04,2026-04-01,"Business, building and other support services [55-56]","Business, building and other support services",False,294.3,9.2,16.4,5.9
2021-01,2021-01-01,Construction [23],Construction,False,543.0,,,
2021-02,2021-02-01,Construction [23],Construction,False,538.0,-5.0,,
2021-03,2021-03-01,Construction [23],Construction,False,538.6,0.6,,
2021-04,2021-04-01,Construction [23],Construction,False,541.3,2.7,,
2021-05,2021-05-01,Construction [23],Construction,False,539.3,-2.0,,
2021-06,2021-06-01,Construction [23],Construction,False,541.3,2.0,,
2021-07,2021-07-01,Construction [23],Construction,False,536.1,-5.2,,
2021-08,2021-08-01,Construction [23],Construction,False,542.6,6.5,,
2021-09,2021-09-01,Construction [23],Construction,False,547.1,4.5,,
2021-10,2021-10-01,Construction [23],Construction,False,546.7,-0.4,,
2021-11,2021-11-01,Construction [23],Construction,False,560.0,13.3,,
2021-12,2021-12-01,Construction [23],Construction,False,552.1,-7.9,,
2022-01,2022-01-01,Construction [23],Construction,False,569.4,17.3,26.4,4.9
2022-02,2022-02-01,Construction [23],Construction,False,582.1,12.7,44.1,8.2
2022-03,2022-03-01,Construction [23],Construction,False,586.4,4.3,47.8,8.9
2022-04,2022-04-01,Construction [23],Construction,False,591.5,5.1,50.2,9.3
2022-05,2022-05-01,Construction [23],Construction,False,581.0,-10.5,41.7,7.7
2022-06,2022-06-01,Construction [23],Construction,False,588.2,7.2,46.9,8.7
2022-07,2022-07-01,Construction [23],Construction,False,593.9,5.7,57.8,10.8
2022-08,2022-08-01,Construction [23],Construction,False,590.5,-3.4,47.9,8.8
2022-09,2022-09-01,Construction [23],Construction,False,590.6,0.1,43.5,8.0
2022-10,2022-10-01,Construction [23],Construction,False,587.2,-3.4,40.5,7.4
2022-11,2022-11-01,Construction [23],Construction,False,591.8,4.6,31.8,5.7
2022-12,2022-12-01,Construction [23],Construction,False,604.8,13.0,52.7,9.5
2023-01,2023-01-01,Construction [23],Construction,False,602.0,-2.8,32.6,5.7
2023-02,2023-02-01,Construction [23],Construction,False,601.9,-0.1,19.8,3.4
2023-03,2023-03-01,Construction [23],Construction,False,606.6,4.7,20.2,3.4
2023-04,2023-04-01,Construction [23],Construction,False,610.4,3.8,18.9,3.2
2023-05,2023-05-01,Construction [23],Construction,False,614.6,4.2,33.6,5.8
2023-06,2023-06-01,Construction [23],Construction,False,612.4,-2.2,24.2,4.1
2023-07,2023-07-01,Construction [23],Construction,False,606.9,-5.5,13.0,2.2
2023-08,2023-08-01,Construction [23],Construction,False,610.3,3.4,19.8,3.4
2023-09,2023-09-01,Construction [23],Construction,False,604.0,-6.3,13.4,2.3
2023-10,2023-10-01,Construction [23],Construction,False,603.3,-0.7,16.1,2.7
2023-11,2023-11-01,Construction [23],Construction,False,604.6,1.3,12.8,2.2
2023-12,2023-12-01,Construction [23],Construction,False,590.0,-14.6,-14.8,-2.4
2024-01,2024-01-01,Construction [23],Construction,False,589.7,-0.3,-12.3,-2.0
2024-02,2024-02-01,Construction [23],Construction,False,586.5,-3.2,-15.4,-2.6
2024-03,2024-03-01,Construction [23],Construction,False,603.6,17.1,-3.0,-0.5
2024-04,2024-04-01,Construction [23],Construction,False,581.4,-22.2,-29.0,-4.8
2024-05,2024-05-01,Construction [23],Construction,False,580.5,-0.9,-34.1,-5.5
2024-06,2024-06-01,Construction [23],Construction,False,570.5,-10.0,-41.9,-6.8
2024-07,2024-07-01,Construction [23],Construction,False,566.6,-3.9,-40.3,-6.6
2024-08,2024-08-01,Construction [23],Construction,False,568.8,2.2,-41.5,-6.8
2024-09,2024-09-01,Construction [23],Construction,False,574.1,5.3,-29.9,-5.0
2024-10,2024-10-01,Construction [23],Construction,False,579.3,5.2,-24.0,-4.0
2024-11,2024-11-01,Construction [23],Construction,False,574.8,-4.5,-29.8,-4.9
2024-12,2024-12-01,Construction [23],Construction,False,580.9,6.1,-9.1,-1.5
2025-01,2025-01-01,Construction [23],Construction,False,583.1,2.2,-6.6,-1.1
2025-02,2025-02-01,Construction [23],Construction,False,584.1,1.0,-2.4,-0.4
2025-03,2025-03-01,Construction [23],Construction,False,578.8,-5.3,-24.8,-4.1
2025-04,2025-04-01,Construction [23],Construction,False,576.1,-2.7,-5.3,-0.9
2025-05,2025-05-01,Construction [23],Construction,False,569.2,-6.9,-11.3,-1.9
2025-06,2025-06-01,Construction [23],Construction,False,581.7,12.5,11.2,2.0
2025-07,2025-07-01,Construction [23],Construction,False,581.1,-0.6,14.5,2.6
2025-08,2025-08-01,Construction [23],Construction,False,579.4,-1.7,10.6,1.9
2025-09,2025-09-01,Construction [23],Construction,False,573.4,-6.0,-0.7,-0.1
2025-10,2025-10-01,Construction [23],Construction,False,571.0,-2.4,-8.3,-1.4
2025-11,2025-11-01,Construction [23],Construction,False,572.8,1.8,-2.0,-0.3
2025-12,2025-12-01,Construction [23],Construction,False,572.4,-0.4,-8.5,-1.5
2026-01,2026-01-01,Construction [23],Construction,False,572.3,-0.1,-10.8,-1.9
2026-02,2026-02-01,Construction [23],Construction,False,573.9,1.6,-10.2,-1.7
2026-03,2026-03-01,Construction [23],Construction,False,573.3,-0.6,-5.5,-1.0
2026-04,2026-04-01,Construction [23],Construction,False,568.8,-4.5,-7.3,-1.3
2021-01,2021-01-01,Educational services [61],Educational services,False,530.7,,,
2021-02,2021-02-01,Educational services [61],Educational services,False,550.8,20.1,,
2021-03,2021-03-01,Educational services [61],Educational services,False,576.9,26.1,,
2021-04,2021-04-01,Educational services [61],Educational services,False,525.0,-51.9,,
2021-05,2021-05-01,Educational services [61],Educational services,False,533.1,8.1,,
2021-06,2021-06-01,Educational services [61],Educational services,False,538.8,5.7,,
2021-07,2021-07-01,Educational services [61],Educational services,False,558.6,19.8,,
2021-08,2021-08-01,Educational services [61],Educational services,False,568.4,9.8,,
2021-09,2021-09-01,Educational services [61],Educational services,False,570.5,2.1,,
2021-10,2021-10-01,Educational services [61],Educational services,False,558.8,-11.7,,
2021-11,2021-11-01,Educational services [61],Educational services,False,560.7,1.9,,
2021-12,2021-12-01,Educational services [61],Educational services,False,571.2,10.5,,
2022-01,2022-01-01,Educational services [61],Educational services,False,563.6,-7.6,32.9,6.2
2022-02,2022-02-01,Educational services [61],Educational services,False,564.6,1.0,13.8,2.5
2022-03,2022-03-01,Educational services [61],Educational services,False,567.8,3.2,-9.1,-1.6
2022-04,2022-04-01,Educational services [61],Educational services,False,577.3,9.5,52.3,10.0
2022-05,2022-05-01,Educational services [61],Educational services,False,586.1,8.8,53.0,9.9
2022-06,2022-06-01,Educational services [61],Educational services,False,586.8,0.7,48.0,8.9
2022-07,2022-07-01,Educational services [61],Educational services,False,571.0,-15.8,12.4,2.2
2022-08,2022-08-01,Educational services [61],Educational services,False,556.2,-14.8,-12.2,-2.1
2022-09,2022-09-01,Educational services [61],Educational services,False,565.5,9.3,-5.0,-0.9
2022-10,2022-10-01,Educational services [61],Educational services,False,575.3,9.8,16.5,3.0
2022-11,2022-11-01,Educational services [61],Educational services,False,577.0,1.7,16.3,2.9
2022-12,2022-12-01,Educational services [61],Educational services,False,568.6,-8.4,-2.6,-0.5
2023-01,2023-01-01,Educational services [61],Educational services,False,566.3,-2.3,2.7,0.5
2023-02,2023-02-01,Educational services [61],Educational services,False,573.7,7.4,9.1,1.6
2023-03,2023-03-01,Educational services [61],Educational services,False,572.3,-1.4,4.5,0.8
2023-04,2023-04-01,Educational services [61],Educational services,False,577.7,5.4,0.4,0.1
2023-05,2023-05-01,Educational services [61],Educational services,False,580.1,2.4,-6.0,-1.0
2023-06,2023-06-01,Educational services [61],Educational services,False,576.6,-3.5,-10.2,-1.7
2023-07,2023-07-01,Educational services [61],Educational services,False,591.2,14.6,20.2,3.5
2023-08,2023-08-01,Educational services [61],Educational services,False,572.7,-18.5,16.5,3.0
2023-09,2023-09-01,Educational services [61],Educational services,False,585.6,12.9,20.1,3.6
2023-10,2023-10-01,Educational services [61],Educational services,False,593.9,8.3,18.6,3.2
2023-11,2023-11-01,Educational services [61],Educational services,False,591.5,-2.4,14.5,2.5
2023-12,2023-12-01,Educational services [61],Educational services,False,591.3,-0.2,22.7,4.0
2024-01,2024-01-01,Educational services [61],Educational services,False,602.8,11.5,36.5,6.4
2024-02,2024-02-01,Educational services [61],Educational services,False,597.3,-5.5,23.6,4.1
2024-03,2024-03-01,Educational services [61],Educational services,False,604.2,6.9,31.9,5.6
2024-04,2024-04-01,Educational services [61],Educational services,False,600.9,-3.3,23.2,4.0
2024-05,2024-05-01,Educational services [61],Educational services,False,594.5,-6.4,14.4,2.5
2024-06,2024-06-01,Educational services [61],Educational services,False,597.9,3.4,21.3,3.7
2024-07,2024-07-01,Educational services [61],Educational services,False,587.8,-10.1,-3.4,-0.6
2024-08,2024-08-01,Educational services [61],Educational services,False,607.0,19.2,34.3,6.0
2024-09,2024-09-01,Educational services [61],Educational services,False,609.0,2.0,23.4,4.0
2024-10,2024-10-01,Educational services [61],Educational services,False,604.2,-4.8,10.3,1.7
2024-11,2024-11-01,Educational services [61],Educational services,False,617.4,13.2,25.9,4.4
2024-12,2024-12-01,Educational services [61],Educational services,False,622.3,4.9,31.0,5.2
2025-01,2025-01-01,Educational services [61],Educational services,False,618.1,-4.2,15.3,2.5
2025-02,2025-02-01,Educational services [61],Educational services,False,614.3,-3.8,17.0,2.8
2025-03,2025-03-01,Educational services [61],Educational services,False,610.8,-3.5,6.6,1.1
2025-04,2025-04-01,Educational services [61],Educational services,False,611.8,1.0,10.9,1.8
2025-05,2025-05-01,Educational services [61],Educational services,False,606.4,-5.4,11.9,2.0
2025-06,2025-06-01,Educational services [61],Educational services,False,606.2,-0.2,8.3,1.4
2025-07,2025-07-01,Educational services [61],Educational services,False,612.9,6.7,25.1,4.3
2025-08,2025-08-01,Educational services [61],Educational services,False,595.4,-17.5,-11.6,-1.9
2025-09,2025-09-01,Educational services [61],Educational services,False,591.2,-4.2,-17.8,-2.9
2025-10,2025-10-01,Educational services [61],Educational services,False,590.3,-0.9,-13.9,-2.3
2025-11,2025-11-01,Educational services [61],Educational services,False,581.9,-8.4,-35.5,-5.7
2025-12,2025-12-01,Educational services [61],Educational services,False,581.8,-0.1,-40.5,-6.5
2026-01,2026-01-01,Educational services [61],Educational services,False,577.2,-4.6,-40.9,-6.6
2026-02,2026-02-01,Educational services [61],Educational services,False,582.6,5.4,-31.7,-5.2
2026-03,2026-03-01,Educational services [61],Educational services,False,572.1,-10.5,-38.7,-6.3
2026-04,2026-04-01,Educational services [61],Educational services,False,578.9,6.8,-32.9,-5.4
2021-01,2021-01-01,"Finance, insurance, real estate, rental and leasing [52-53]","Finance, insurance, real estate, rental and leasing",False,634.1,,,
2021-02,2021-02-01,"Finance, insurance, real estate, rental and leasing [52-53]","Finance, insurance, real estate, rental and leasing",False,631.2,-2.9,,
2021-03,2021-03-01,"Finance, insurance, real estate, rental and leasing [52-53]","Finance, insurance, real estate, rental and leasing",False,622.8,-8.4,,
2021-04,2021-04-01,"Finance, insurance, real estate, rental and leasing [52-53]","Finance, insurance, real estate, rental and leasing",False,640.7,17.9,,
2021-05,2021-05-01,"Finance, insurance, real estate, rental and leasing [52-53]","Finance, insurance, real estate, rental and leasing",False,627.7,-13.0,,
2021-06,2021-06-01,"Finance, insurance, real estate, rental and leasing [52-53]","Finance, insurance, real estate, rental and leasing",False,619.2,-8.5,,
2021-07,2021-07-01,"Finance, insurance, real estate, rental and leasing [52-53]","Finance, insurance, real estate, rental and leasing",False,631.2,12.0,,
2021-08,2021-08-01,"Finance, insurance, real estate, rental and leasing [52-53]","Finance, insurance, real estate, rental and leasing",False,618.7,-12.5,,
2021-09,2021-09-01,"Finance, insurance, real estate, rental and leasing [52-53]","Finance, insurance, real estate, rental and leasing",False,630.1,11.4,,
2021-10,2021-10-01,"Finance, insurance, real estate, rental and leasing [52-53]","Finance, insurance, real estate, rental and leasing",False,632.2,2.1,,
2021-11,2021-11-01,"Finance, insurance, real estate, rental and leasing [52-53]","Finance, insurance, real estate, rental and leasing",False,623.8,-8.4,,
2021-12,2021-12-01,"Finance, insurance, real estate, rental and leasing [52-53]","Finance, insurance, real estate, rental and leasing",False,643.0,19.2,,
2022-01,2022-01-01,"Finance, insurance, real estate, rental and leasing [52-53]","Finance, insurance, real estate, rental and leasing",False,648.8,5.8,14.7,2.3
2022-02,2022-02-01,"Finance, insurance, real estate, rental and leasing [52-53]","Finance, insurance, real estate, rental and leasing",False,656.3,7.5,25.1,4.0
2022-03,2022-03-01,"Finance, insurance, real estate, rental and leasing [52-53]","Finance, insurance, real estate, rental and leasing",False,654.5,-1.8,31.7,5.1
2022-04,2022-04-01,"Finance, insurance, real estate, rental and leasing [52-53]","Finance, insurance, real estate, rental and leasing",False,654.5,0.0,13.8,2.2
2022-05,2022-05-01,"Finance, insurance, real estate, rental and leasing [52-53]","Finance, insurance, real estate, rental and leasing",False,659.2,4.7,31.5,5.0
2022-06,2022-06-01,"Finance, insurance, real estate, rental and leasing [52-53]","Finance, insurance, real estate, rental and leasing",False,665.9,6.7,46.7,7.5
2022-07,2022-07-01,"Finance, insurance, real estate, rental and leasing [52-53]","Finance, insurance, real estate, rental and leasing",False,680.8,14.9,49.6,7.9
2022-08,2022-08-01,"Finance, insurance, real estate, rental and leasing [52-53]","Finance, insurance, real estate, rental and leasing",False,680.6,-0.2,61.9,10.0
2022-09,2022-09-01,"Finance, insurance, real estate, rental and leasing [52-53]","Finance, insurance, real estate, rental and leasing",False,676.2,-4.4,46.1,7.3
2022-10,2022-10-01,"Finance, insurance, real estate, rental and leasing [52-53]","Finance, insurance, real estate, rental and leasing",False,684.3,8.1,52.1,8.2
2022-11,2022-11-01,"Finance, insurance, real estate, rental and leasing [52-53]","Finance, insurance, real estate, rental and leasing",False,696.3,12.0,72.5,11.6
2022-12,2022-12-01,"Finance, insurance, real estate, rental and leasing [52-53]","Finance, insurance, real estate, rental and leasing",False,695.5,-0.8,52.5,8.2
2023-01,2023-01-01,"Finance, insurance, real estate, rental and leasing [52-53]","Finance, insurance, real estate, rental and leasing",False,683.6,-11.9,34.8,5.4
2023-02,2023-02-01,"Finance, insurance, real estate, rental and leasing [52-53]","Finance, insurance, real estate, rental and leasing",False,685.6,2.0,29.3,4.5
2023-03,2023-03-01,"Finance, insurance, real estate, rental and leasing [52-53]","Finance, insurance, real estate, rental and leasing",False,695.2,9.6,40.7,6.2
2023-04,2023-04-01,"Finance, insurance, real estate, rental and leasing [52-53]","Finance, insurance, real estate, rental and leasing",False,690.0,-5.2,35.5,5.4
2023-05,2023-05-01,"Finance, insurance, real estate, rental and leasing [52-53]","Finance, insurance, real estate, rental and leasing",False,681.9,-8.1,22.7,3.4
2023-06,2023-06-01,"Finance, insurance, real estate, rental and leasing [52-53]","Finance, insurance, real estate, rental and leasing",False,687.1,5.2,21.2,3.2
2023-07,2023-07-01,"Finance, insurance, real estate, rental and leasing [52-53]","Finance, insurance, real estate, rental and leasing",False,680.5,-6.6,-0.3,-0.0
2023-08,2023-08-01,"Finance, insurance, real estate, rental and leasing [52-53]","Finance, insurance, real estate, rental and leasing",False,681.5,1.0,0.9,0.1
2023-09,2023-09-01,"Finance, insurance, real estate, rental and leasing [52-53]","Finance, insurance, real estate, rental and leasing",False,671.0,-10.5,-5.2,-0.8
2023-10,2023-10-01,"Finance, insurance, real estate, rental and leasing [52-53]","Finance, insurance, real estate, rental and leasing",False,668.4,-2.6,-15.9,-2.3
2023-11,2023-11-01,"Finance, insurance, real estate, rental and leasing [52-53]","Finance, insurance, real estate, rental and leasing",False,664.6,-3.8,-31.7,-4.6
2023-12,2023-12-01,"Finance, insurance, real estate, rental and leasing [52-53]","Finance, insurance, real estate, rental and leasing",False,670.5,5.9,-25.0,-3.6
2024-01,2024-01-01,"Finance, insurance, real estate, rental and leasing [52-53]","Finance, insurance, real estate, rental and leasing",False,690.6,20.1,7.0,1.0
2024-02,2024-02-01,"Finance, insurance, real estate, rental and leasing [52-53]","Finance, insurance, real estate, rental and leasing",False,685.6,-5.0,0.0,0.0
2024-03,2024-03-01,"Finance, insurance, real estate, rental and leasing [52-53]","Finance, insurance, real estate, rental and leasing",False,690.4,4.8,-4.8,-0.7
2024-04,2024-04-01,"Finance, insurance, real estate, rental and leasing [52-53]","Finance, insurance, real estate, rental and leasing",False,685.9,-4.5,-4.1,-0.6
2024-05,2024-05-01,"Finance, insurance, real estate, rental and leasing [52-53]","Finance, insurance, real estate, rental and leasing",False,701.2,15.3,19.3,2.8
2024-06,2024-06-01,"Finance, insurance, real estate, rental and leasing [52-53]","Finance, insurance, real estate, rental and leasing",False,709.7,8.5,22.6,3.3
2024-07,2024-07-01,"Finance, insurance, real estate, rental and leasing [52-53]","Finance, insurance, real estate, rental and leasing",False,713.3,3.6,32.8,4.8
2024-08,2024-08-01,"Finance, insurance, real estate, rental and leasing [52-53]","Finance, insurance, real estate, rental and leasing",False,714.6,1.3,33.1,4.9
2024-09,2024-09-01,"Finance, insurance, real estate, rental and leasing [52-53]","Finance, insurance, real estate, rental and leasing",False,719.7,5.1,48.7,7.3
2024-10,2024-10-01,"Finance, insurance, real estate, rental and leasing [52-53]","Finance, insurance, real estate, rental and leasing",False,710.9,-8.8,42.5,6.4
2024-11,2024-11-01,"Finance, insurance, real estate, rental and leasing [52-53]","Finance, insurance, real estate, rental and leasing",False,705.4,-5.5,40.8,6.1
2024-12,2024-12-01,"Finance, insurance, real estate, rental and leasing [52-53]","Finance, insurance, real estate, rental and leasing",False,711.3,5.9,40.8,6.1
2025-01,2025-01-01,"Finance, insurance, real estate, rental and leasing [52-53]","Finance, insurance, real estate, rental and leasing",False,702.1,-9.2,11.5,1.7
2025-02,2025-02-01,"Finance, insurance, real estate, rental and leasing [52-53]","Finance, insurance, real estate, rental and leasing",False,712.6,10.5,27.0,3.9
2025-03,2025-03-01,"Finance, insurance, real estate, rental and leasing [52-53]","Finance, insurance, real estate, rental and leasing",False,706.8,-5.8,16.4,2.4
2025-04,2025-04-01,"Finance, insurance, real estate, rental and leasing [52-53]","Finance, insurance, real estate, rental and leasing",False,725.9,19.1,40.0,5.8
2025-05,2025-05-01,"Finance, insurance, real estate, rental and leasing [52-53]","Finance, insurance, real estate, rental and leasing",False,732.6,6.7,31.4,4.5
2025-06,2025-06-01,"Finance, insurance, real estate, rental and leasing [52-53]","Finance, insurance, real estate, rental and leasing",False,722.2,-10.4,12.5,1.8
2025-07,2025-07-01,"Finance, insurance, real estate, rental and leasing [52-53]","Finance, insurance, real estate, rental and leasing",False,723.4,1.2,10.1,1.4
2025-08,2025-08-01,"Finance, insurance, real estate, rental and leasing [52-53]","Finance, insurance, real estate, rental and leasing",False,718.0,-5.4,3.4,0.5
2025-09,2025-09-01,"Finance, insurance, real estate, rental and leasing [52-53]","Finance, insurance, real estate, rental and leasing",False,722.8,4.8,3.1,0.4
2025-10,2025-10-01,"Finance, insurance, real estate, rental and leasing [52-53]","Finance, insurance, real estate, rental and leasing",False,715.3,-7.5,4.4,0.6
2025-11,2025-11-01,"Finance, insurance, real estate, rental and leasing [52-53]","Finance, insurance, real estate, rental and leasing",False,714.7,-0.6,9.3,1.3
2025-12,2025-12-01,"Finance, insurance, real estate, rental and leasing [52-53]","Finance, insurance, real estate, rental and leasing",False,711.3,-3.4,0.0,0.0
2026-01,2026-01-01,"Finance, insurance, real estate, rental and leasing [52-53]","Finance, insurance, real estate, rental and leasing",False,708.1,-3.2,6.0,0.9
2026-02,2026-02-01,"Finance, insurance, real estate, rental and leasing [52-53]","Finance, insurance, real estate, rental and leasing",False,713.4,5.3,0.8,0.1
2026-03,2026-03-01,"Finance, insurance, real estate, rental and leasing [52-53]","Finance, insurance, real estate, rental and leasing",False,720.0,6.6,13.2,1.9
2026-04,2026-04-01,"Finance, insurance, real estate, rental and leasing [52-53]","Finance, insurance, real estate, rental and leasing",False,731.4,11.4,5.5,0.8
2021-01,2021-01-01,"Forestry, fishing, mining, quarrying, oil and gas [21, 113-114, 1153, 2100]","Forestry, fishing, mining, quarrying, oil and gas",False,33.7,,,
2021-02,2021-02-01,"Forestry, fishing, mining, quarrying, oil and gas [21, 113-114, 1153, 2100]","Forestry, fishing, mining, quarrying, oil and gas",False,33.5,-0.2,,
2021-03,2021-03-01,"Forestry, fishing, mining, quarrying, oil and gas [21, 113-114, 1153, 2100]","Forestry, fishing, mining, quarrying, oil and gas",False,33.4,-0.1,,
2021-04,2021-04-01,"Forestry, fishing, mining, quarrying, oil and gas [21, 113-114, 1153, 2100]","Forestry, fishing, mining, quarrying, oil and gas",False,33.8,0.4,,
2021-05,2021-05-01,"Forestry, fishing, mining, quarrying, oil and gas [21, 113-114, 1153, 2100]","Forestry, fishing, mining, quarrying, oil and gas",False,33.6,-0.2,,
2021-06,2021-06-01,"Forestry, fishing, mining, quarrying, oil and gas [21, 113-114, 1153, 2100]","Forestry, fishing, mining, quarrying, oil and gas",False,34.7,1.1,,
2021-07,2021-07-01,"Forestry, fishing, mining, quarrying, oil and gas [21, 113-114, 1153, 2100]","Forestry, fishing, mining, quarrying, oil and gas",False,36.2,1.5,,
2021-08,2021-08-01,"Forestry, fishing, mining, quarrying, oil and gas [21, 113-114, 1153, 2100]","Forestry, fishing, mining, quarrying, oil and gas",False,35.9,-0.3,,
2021-09,2021-09-01,"Forestry, fishing, mining, quarrying, oil and gas [21, 113-114, 1153, 2100]","Forestry, fishing, mining, quarrying, oil and gas",False,36.1,0.2,,
2021-10,2021-10-01,"Forestry, fishing, mining, quarrying, oil and gas [21, 113-114, 1153, 2100]","Forestry, fishing, mining, quarrying, oil and gas",False,38.8,2.7,,
2021-11,2021-11-01,"Forestry, fishing, mining, quarrying, oil and gas [21, 113-114, 1153, 2100]","Forestry, fishing, mining, quarrying, oil and gas",False,37.2,-1.6,,
2021-12,2021-12-01,"Forestry, fishing, mining, quarrying, oil and gas [21, 113-114, 1153, 2100]","Forestry, fishing, mining, quarrying, oil and gas",False,38.9,1.7,,
2022-01,2022-01-01,"Forestry, fishing, mining, quarrying, oil and gas [21, 113-114, 1153, 2100]","Forestry, fishing, mining, quarrying, oil and gas",False,38.5,-0.4,4.8,14.2
2022-02,2022-02-01,"Forestry, fishing, mining, quarrying, oil and gas [21, 113-114, 1153, 2100]","Forestry, fishing, mining, quarrying, oil and gas",False,39.1,0.6,5.6,16.7
2022-03,2022-03-01,"Forestry, fishing, mining, quarrying, oil and gas [21, 113-114, 1153, 2100]","Forestry, fishing, mining, quarrying, oil and gas",False,41.8,2.7,8.4,25.1
2022-04,2022-04-01,"Forestry, fishing, mining, quarrying, oil and gas [21, 113-114, 1153, 2100]","Forestry, fishing, mining, quarrying, oil and gas",False,39.7,-2.1,5.9,17.5
2022-05,2022-05-01,"Forestry, fishing, mining, quarrying, oil and gas [21, 113-114, 1153, 2100]","Forestry, fishing, mining, quarrying, oil and gas",False,37.8,-1.9,4.2,12.5
2022-06,2022-06-01,"Forestry, fishing, mining, quarrying, oil and gas [21, 113-114, 1153, 2100]","Forestry, fishing, mining, quarrying, oil and gas",False,37.7,-0.1,3.0,8.6
2022-07,2022-07-01,"Forestry, fishing, mining, quarrying, oil and gas [21, 113-114, 1153, 2100]","Forestry, fishing, mining, quarrying, oil and gas",False,37.6,-0.1,1.4,3.9
2022-08,2022-08-01,"Forestry, fishing, mining, quarrying, oil and gas [21, 113-114, 1153, 2100]","Forestry, fishing, mining, quarrying, oil and gas",False,38.1,0.5,2.2,6.1
2022-09,2022-09-01,"Forestry, fishing, mining, quarrying, oil and gas [21, 113-114, 1153, 2100]","Forestry, fishing, mining, quarrying, oil and gas",False,39.6,1.5,3.5,9.7
2022-10,2022-10-01,"Forestry, fishing, mining, quarrying, oil and gas [21, 113-114, 1153, 2100]","Forestry, fishing, mining, quarrying, oil and gas",False,41.7,2.1,2.9,7.5
2022-11,2022-11-01,"Forestry, fishing, mining, quarrying, oil and gas [21, 113-114, 1153, 2100]","Forestry, fishing, mining, quarrying, oil and gas",False,40.4,-1.3,3.2,8.6
2022-12,2022-12-01,"Forestry, fishing, mining, quarrying, oil and gas [21, 113-114, 1153, 2100]","Forestry, fishing, mining, quarrying, oil and gas",False,41.2,0.8,2.3,5.9
2023-01,2023-01-01,"Forestry, fishing, mining, quarrying, oil and gas [21, 113-114, 1153, 2100]","Forestry, fishing, mining, quarrying, oil and gas",False,43.6,2.4,5.1,13.2
2023-02,2023-02-01,"Forestry, fishing, mining, quarrying, oil and gas [21, 113-114, 1153, 2100]","Forestry, fishing, mining, quarrying, oil and gas",False,42.6,-1.0,3.5,9.0
2023-03,2023-03-01,"Forestry, fishing, mining, quarrying, oil and gas [21, 113-114, 1153, 2100]","Forestry, fishing, mining, quarrying, oil and gas",False,43.5,0.9,1.7,4.1
2023-04,2023-04-01,"Forestry, fishing, mining, quarrying, oil and gas [21, 113-114, 1153, 2100]","Forestry, fishing, mining, quarrying, oil and gas",False,45.0,1.5,5.3,13.4
2023-05,2023-05-01,"Forestry, fishing, mining, quarrying, oil and gas [21, 113-114, 1153, 2100]","Forestry, fishing, mining, quarrying, oil and gas",False,45.9,0.9,8.1,21.4
2023-06,2023-06-01,"Forestry, fishing, mining, quarrying, oil and gas [21, 113-114, 1153, 2100]","Forestry, fishing, mining, quarrying, oil and gas",False,46.0,0.1,8.3,22.0
2023-07,2023-07-01,"Forestry, fishing, mining, quarrying, oil and gas [21, 113-114, 1153, 2100]","Forestry, fishing, mining, quarrying, oil and gas",False,42.7,-3.3,5.1,13.6
2023-08,2023-08-01,"Forestry, fishing, mining, quarrying, oil and gas [21, 113-114, 1153, 2100]","Forestry, fishing, mining, quarrying, oil and gas",False,43.7,1.0,5.6,14.7
2023-09,2023-09-01,"Forestry, fishing, mining, quarrying, oil and gas [21, 113-114, 1153, 2100]","Forestry, fishing, mining, quarrying, oil and gas",False,43.3,-0.4,3.7,9.3
2023-10,2023-10-01,"Forestry, fishing, mining, quarrying, oil and gas [21, 113-114, 1153, 2100]","Forestry, fishing, mining, quarrying, oil and gas",False,40.6,-2.7,-1.1,-2.6
2023-11,2023-11-01,"Forestry, fishing, mining, quarrying, oil and gas [21, 113-114, 1153, 2100]","Forestry, fishing, mining, quarrying, oil and gas",False,42.4,1.8,2.0,5.0
2023-12,2023-12-01,"Forestry, fishing, mining, quarrying, oil and gas [21, 113-114, 1153, 2100]","Forestry, fishing, mining, quarrying, oil and gas",False,42.5,0.1,1.3,3.2
2024-01,2024-01-01,"Forestry, fishing, mining, quarrying, oil and gas [21, 113-114, 1153, 2100]","Forestry, fishing, mining, quarrying, oil and gas",False,41.3,-1.2,-2.3,-5.3
2024-02,2024-02-01,"Forestry, fishing, mining, quarrying, oil and gas [21, 113-114, 1153, 2100]","Forestry, fishing, mining, quarrying, oil and gas",False,41.7,0.4,-0.9,-2.1
2024-03,2024-03-01,"Forestry, fishing, mining, quarrying, oil and gas [21, 113-114, 1153, 2100]","Forestry, fishing, mining, quarrying, oil and gas",False,41.4,-0.3,-2.1,-4.8
2024-04,2024-04-01,"Forestry, fishing, mining, quarrying, oil and gas [21, 113-114, 1153, 2100]","Forestry, fishing, mining, quarrying, oil and gas",False,41.1,-0.3,-3.9,-8.7
2024-05,2024-05-01,"Forestry, fishing, mining, quarrying, oil and gas [21, 113-114, 1153, 2100]","Forestry, fishing, mining, quarrying, oil and gas",False,40.6,-0.5,-5.3,-11.5
2024-06,2024-06-01,"Forestry, fishing, mining, quarrying, oil and gas [21, 113-114, 1153, 2100]","Forestry, fishing, mining, quarrying, oil and gas",False,43.0,2.4,-3.0,-6.5
2024-07,2024-07-01,"Forestry, fishing, mining, quarrying, oil and gas [21, 113-114, 1153, 2100]","Forestry, fishing, mining, quarrying, oil and gas",False,44.3,1.3,1.6,3.7
2024-08,2024-08-01,"Forestry, fishing, mining, quarrying, oil and gas [21, 113-114, 1153, 2100]","Forestry, fishing, mining, quarrying, oil and gas",False,44.7,0.4,1.0,2.3
2024-09,2024-09-01,"Forestry, fishing, mining, quarrying, oil and gas [21, 113-114, 1153, 2100]","Forestry, fishing, mining, quarrying, oil and gas",False,42.0,-2.7,-1.3,-3.0
2024-10,2024-10-01,"Forestry, fishing, mining, quarrying, oil and gas [21, 113-114, 1153, 2100]","Forestry, fishing, mining, quarrying, oil and gas",False,43.9,1.9,3.3,8.1
2024-11,2024-11-01,"Forestry, fishing, mining, quarrying, oil and gas [21, 113-114, 1153, 2100]","Forestry, fishing, mining, quarrying, oil and gas",False,46.3,2.4,3.9,9.2
2024-12,2024-12-01,"Forestry, fishing, mining, quarrying, oil and gas [21, 113-114, 1153, 2100]","Forestry, fishing, mining, quarrying, oil and gas",False,44.6,-1.7,2.1,4.9
2025-01,2025-01-01,"Forestry, fishing, mining, quarrying, oil and gas [21, 113-114, 1153, 2100]","Forestry, fishing, mining, quarrying, oil and gas",False,44.6,0.0,3.3,8.0
2025-02,2025-02-01,"Forestry, fishing, mining, quarrying, oil and gas [21, 113-114, 1153, 2100]","Forestry, fishing, mining, quarrying, oil and gas",False,44.3,-0.3,2.6,6.2
2025-03,2025-03-01,"Forestry, fishing, mining, quarrying, oil and gas [21, 113-114, 1153, 2100]","Forestry, fishing, mining, quarrying, oil and gas",False,44.8,0.5,3.4,8.2
2025-04,2025-04-01,"Forestry, fishing, mining, quarrying, oil and gas [21, 113-114, 1153, 2100]","Forestry, fishing, mining, quarrying, oil and gas",False,44.8,0.0,3.7,9.0
2025-05,2025-05-01,"Forestry, fishing, mining, quarrying, oil and gas [21, 113-114, 1153, 2100]","Forestry, fishing, mining, quarrying, oil and gas",False,44.9,0.1,4.3,10.6
2025-06,2025-06-01,"Forestry, fishing, mining, quarrying, oil and gas [21, 113-114, 1153, 2100]","Forestry, fishing, mining, quarrying, oil and gas",False,42.6,-2.3,-0.4,-0.9
2025-07,2025-07-01,"Forestry, fishing, mining, quarrying, oil and gas [21, 113-114, 1153, 2100]","Forestry, fishing, mining, quarrying, oil and gas",False,44.0,1.4,-0.3,-0.7
2025-08,2025-08-01,"Forestry, fishing, mining, quarrying, oil and gas [21, 113-114, 1153, 2100]","Forestry, fishing, mining, quarrying, oil and gas",False,42.9,-1.1,-1.8,-4.0
2025-09,2025-09-01,"Forestry, fishing, mining, quarrying, oil and gas [21, 113-114, 1153, 2100]","Forestry, fishing, mining, quarrying, oil and gas",False,44.7,1.8,2.7,6.4
2025-10,2025-10-01,"Forestry, fishing, mining, quarrying, oil and gas [21, 113-114, 1153, 2100]","Forestry, fishing, mining, quarrying, oil and gas",False,44.2,-0.5,0.3,0.7
2025-11,2025-11-01,"Forestry, fishing, mining, quarrying, oil and gas [21, 113-114, 1153, 2100]","Forestry, fishing, mining, quarrying, oil and gas",False,45.5,1.3,-0.8,-1.7
2025-12,2025-12-01,"Forestry, fishing, mining, quarrying, oil and gas [21, 113-114, 1153, 2100]","Forestry, fishing, mining, quarrying, oil and gas",False,43.9,-1.6,-0.7,-1.6
2026-01,2026-01-01,"Forestry, fishing, mining, quarrying, oil and gas [21, 113-114, 1153, 2100]","Forestry, fishing, mining, quarrying, oil and gas",False,47.6,3.7,3.0,6.7
2026-02,2026-02-01,"Forestry, fishing, mining, quarrying, oil and gas [21, 113-114, 1153, 2100]","Forestry, fishing, mining, quarrying, oil and gas",False,47.0,-0.6,2.7,6.1
2026-03,2026-03-01,"Forestry, fishing, mining, quarrying, oil and gas [21, 113-114, 1153, 2100]","Forestry, fishing, mining, quarrying, oil and gas",False,49.0,2.0,4.2,9.4
2026-04,2026-04-01,"Forestry, fishing, mining, quarrying, oil and gas [21, 113-114, 1153, 2100]","Forestry, fishing, mining, quarrying, oil and gas",False,48.2,-0.8,3.4,7.6
2021-01,2021-01-01,Goods-producing sector,Goods-producing sector,True,1486.6,,,
2021-02,2021-02-01,Goods-producing sector,Goods-producing sector,True,1490.2,3.6,,
2021-03,2021-03-01,Goods-producing sector,Goods-producing sector,True,1486.5,-3.7,,
2021-04,2021-04-01,Goods-producing sector,Goods-producing sector,True,1476.6,-9.9,,
2021-05,2021-05-01,Goods-producing sector,Goods-producing sector,True,1456.1,-20.5,,
2021-06,2021-06-01,Goods-producing sector,Goods-producing sector,True,1465.3,9.2,,
2021-07,2021-07-01,Goods-producing sector,Goods-producing sector,True,1468.1,2.8,,
2021-08,2021-08-01,Goods-producing sector,Goods-producing sector,True,1474.3,6.2,,
2021-09,2021-09-01,Goods-producing sector,Goods-producing sector,True,1465.9,-8.4,,
2021-10,2021-10-01,Goods-producing sector,Goods-producing sector,True,1493.4,27.5,,
2021-11,2021-11-01,Goods-producing sector,Goods-producing sector,True,1499.0,5.6,,
2021-12,2021-12-01,Goods-producing sector,Goods-producing sector,True,1512.9,13.9,,
2022-01,2022-01-01,Goods-producing sector,Goods-producing sector,True,1511.2,-1.7,24.6,1.7
2022-02,2022-02-01,Goods-producing sector,Goods-producing sector,True,1531.1,19.9,40.9,2.7
2022-03,2022-03-01,Goods-producing sector,Goods-producing sector,True,1545.6,14.5,59.1,4.0
2022-04,2022-04-01,Goods-producing sector,Goods-producing sector,True,1558.4,12.8,81.8,5.5
2022-05,2022-05-01,Goods-producing sector,Goods-producing sector,True,1543.7,-14.7,87.6,6.0
2022-06,2022-06-01,Goods-producing sector,Goods-producing sector,True,1554.9,11.2,89.6,6.1
2022-07,2022-07-01,Goods-producing sector,Goods-producing sector,True,1567.5,12.6,99.4,6.8
2022-08,2022-08-01,Goods-producing sector,Goods-producing sector,True,1567.4,-0.1,93.1,6.3
2022-09,2022-09-01,Goods-producing sector,Goods-producing sector,True,1565.1,-2.3,99.2,6.8
2022-10,2022-10-01,Goods-producing sector,Goods-producing sector,True,1579.4,14.3,86.0,5.8
2022-11,2022-11-01,Goods-producing sector,Goods-producing sector,True,1583.0,3.6,84.0,5.6
2022-12,2022-12-01,Goods-producing sector,Goods-producing sector,True,1596.3,13.3,83.4,5.5
2023-01,2023-01-01,Goods-producing sector,Goods-producing sector,True,1600.1,3.8,88.9,5.9
2023-02,2023-02-01,Goods-producing sector,Goods-producing sector,True,1599.6,-0.5,68.5,4.5
2023-03,2023-03-01,Goods-producing sector,Goods-producing sector,True,1598.2,-1.4,52.6,3.4
2023-04,2023-04-01,Goods-producing sector,Goods-producing sector,True,1607.3,9.1,48.9,3.1
2023-05,2023-05-01,Goods-producing sector,Goods-producing sector,True,1639.6,32.3,95.9,6.2
2023-06,2023-06-01,Goods-producing sector,Goods-producing sector,True,1632.7,-6.9,77.8,5.0
2023-07,2023-07-01,Goods-producing sector,Goods-producing sector,True,1638.2,5.5,70.7,4.5
2023-08,2023-08-01,Goods-producing sector,Goods-producing sector,True,1637.1,-1.1,69.7,4.4
2023-09,2023-09-01,Goods-producing sector,Goods-producing sector,True,1629.0,-8.1,63.9,4.1
2023-10,2023-10-01,Goods-producing sector,Goods-producing sector,True,1620.2,-8.8,40.8,2.6
2023-11,2023-11-01,Goods-producing sector,Goods-producing sector,True,1626.0,5.8,43.0,2.7
2023-12,2023-12-01,Goods-producing sector,Goods-producing sector,True,1604.3,-21.7,8.0,0.5
2024-01,2024-01-01,Goods-producing sector,Goods-producing sector,True,1595.8,-8.5,-4.3,-0.3
2024-02,2024-02-01,Goods-producing sector,Goods-producing sector,True,1590.7,-5.1,-8.9,-0.6
2024-03,2024-03-01,Goods-producing sector,Goods-producing sector,True,1609.6,18.9,11.4,0.7
2024-04,2024-04-01,Goods-producing sector,Goods-producing sector,True,1595.9,-13.7,-11.4,-0.7
2024-05,2024-05-01,Goods-producing sector,Goods-producing sector,True,1587.4,-8.5,-52.2,-3.2
2024-06,2024-06-01,Goods-producing sector,Goods-producing sector,True,1587.0,-0.4,-45.7,-2.8
2024-07,2024-07-01,Goods-producing sector,Goods-producing sector,True,1577.3,-9.7,-60.9,-3.7
2024-08,2024-08-01,Goods-producing sector,Goods-producing sector,True,1581.5,4.2,-55.6,-3.4
2024-09,2024-09-01,Goods-producing sector,Goods-producing sector,True,1575.8,-5.7,-53.2,-3.3
2024-10,2024-10-01,Goods-producing sector,Goods-producing sector,True,1576.5,0.7,-43.7,-2.7
2024-11,2024-11-01,Goods-producing sector,Goods-producing sector,True,1553.7,-22.8,-72.3,-4.4
2024-12,2024-12-01,Goods-producing sector,Goods-producing sector,True,1580.4,26.7,-23.9,-1.5
2025-01,2025-01-01,Goods-producing sector,Goods-producing sector,True,1594.7,14.3,-1.1,-0.1
2025-02,2025-02-01,Goods-producing sector,Goods-producing sector,True,1594.5,-0.2,3.8,0.2
2025-03,2025-03-01,Goods-producing sector,Goods-producing sector,True,1594.6,0.1,-15.0,-0.9
2025-04,2025-04-01,Goods-producing sector,Goods-producing sector,True,1567.4,-27.2,-28.5,-1.8
2025-05,2025-05-01,Goods-producing sector,Goods-producing sector,True,1555.4,-12.0,-32.0,-2.0
2025-06,2025-06-01,Goods-producing sector,Goods-producing sector,True,1560.5,5.1,-26.5,-1.7
2025-07,2025-07-01,Goods-producing sector,Goods-producing sector,True,1560.8,0.3,-16.5,-1.0
2025-08,2025-08-01,Goods-producing sector,Goods-producing sector,True,1562.7,1.9,-18.8,-1.2
2025-09,2025-09-01,Goods-producing sector,Goods-producing sector,True,1571.0,8.3,-4.8,-0.3
2025-10,2025-10-01,Goods-producing sector,Goods-producing sector,True,1576.1,5.1,-0.4,-0.0
2025-11,2025-11-01,Goods-producing sector,Goods-producing sector,True,1579.7,3.6,26.0,1.7
2025-12,2025-12-01,Goods-producing sector,Goods-producing sector,True,1581.7,2.0,1.3,0.1
2026-01,2026-01-01,Goods-producing sector,Goods-producing sector,True,1560.6,-21.1,-34.1,-2.1
2026-02,2026-02-01,Goods-producing sector,Goods-producing sector,True,1551.0,-9.6,-43.5,-2.7
2026-03,2026-03-01,Goods-producing sector,Goods-producing sector,True,1553.9,2.9,-40.7,-2.6
2026-04,2026-04-01,Goods-producing sector,Goods-producing sector,True,1556.5,2.6,-10.9,-0.7
2021-01,2021-01-01,Health care and social assistance [62],Health care and social assistance,False,876.9,,,
2021-02,2021-02-01,Health care and social assistance [62],Health care and social assistance,False,871.5,-5.4,,
2021-03,2021-03-01,Health care and social assistance [62],Health care and social assistance,False,898.0,26.5,,
2021-04,2021-04-01,Health care and social assistance [62],Health care and social assistance,False,884.9,-13.1,,
2021-05,2021-05-01,Health care and social assistance [62],Health care and social assistance,False,889.1,4.2,,
2021-06,2021-06-01,Health care and social assistance [62],Health care and social assistance,False,912.9,23.8,,
2021-07,2021-07-01,Health care and social assistance [62],Health care and social assistance,False,898.3,-14.6,,
2021-08,2021-08-01,Health care and social assistance [62],Health care and social assistance,False,899.3,1.0,,
2021-09,2021-09-01,Health care and social assistance [62],Health care and social assistance,False,910.2,10.9,,
2021-10,2021-10-01,Health care and social assistance [62],Health care and social assistance,False,909.8,-0.4,,
2021-11,2021-11-01,Health care and social assistance [62],Health care and social assistance,False,927.0,17.2,,
2021-12,2021-12-01,Health care and social assistance [62],Health care and social assistance,False,928.9,1.9,,
2022-01,2022-01-01,Health care and social assistance [62],Health care and social assistance,False,928.6,-0.3,51.7,5.9
2022-02,2022-02-01,Health care and social assistance [62],Health care and social assistance,False,941.9,13.3,70.4,8.1
2022-03,2022-03-01,Health care and social assistance [62],Health care and social assistance,False,939.4,-2.5,41.4,4.6
2022-04,2022-04-01,Health care and social assistance [62],Health care and social assistance,False,940.5,1.1,55.6,6.3
2022-05,2022-05-01,Health care and social assistance [62],Health care and social assistance,False,935.3,-5.2,46.2,5.2
2022-06,2022-06-01,Health care and social assistance [62],Health care and social assistance,False,923.2,-12.1,10.3,1.1
2022-07,2022-07-01,Health care and social assistance [62],Health care and social assistance,False,920.8,-2.4,22.5,2.5
2022-08,2022-08-01,Health care and social assistance [62],Health care and social assistance,False,929.8,9.0,30.5,3.4
2022-09,2022-09-01,Health care and social assistance [62],Health care and social assistance,False,932.9,3.1,22.7,2.5
2022-10,2022-10-01,Health care and social assistance [62],Health care and social assistance,False,942.1,9.2,32.3,3.6
2022-11,2022-11-01,Health care and social assistance [62],Health care and social assistance,False,952.3,10.2,25.3,2.7
2022-12,2022-12-01,Health care and social assistance [62],Health care and social assistance,False,946.8,-5.5,17.9,1.9
2023-01,2023-01-01,Health care and social assistance [62],Health care and social assistance,False,969.9,23.1,41.3,4.4
2023-02,2023-02-01,Health care and social assistance [62],Health care and social assistance,False,971.3,1.4,29.4,3.1
2023-03,2023-03-01,Health care and social assistance [62],Health care and social assistance,False,975.7,4.4,36.3,3.9
2023-04,2023-04-01,Health care and social assistance [62],Health care and social assistance,False,979.2,3.5,38.7,4.1
2023-05,2023-05-01,Health care and social assistance [62],Health care and social assistance,False,969.8,-9.4,34.5,3.7
2023-06,2023-06-01,Health care and social assistance [62],Health care and social assistance,False,977.5,7.7,54.3,5.9
2023-07,2023-07-01,Health care and social assistance [62],Health care and social assistance,False,982.4,4.9,61.6,6.7
2023-08,2023-08-01,Health care and social assistance [62],Health care and social assistance,False,981.6,-0.8,51.8,5.6
2023-09,2023-09-01,Health care and social assistance [62],Health care and social assistance,False,996.2,14.6,63.3,6.8
2023-10,2023-10-01,Health care and social assistance [62],Health care and social assistance,False,1006.2,10.0,64.1,6.8
2023-11,2023-11-01,Health care and social assistance [62],Health care and social assistance,False,990.2,-16.0,37.9,4.0
2023-12,2023-12-01,Health care and social assistance [62],Health care and social assistance,False,985.2,-5.0,38.4,4.1
2024-01,2024-01-01,Health care and social assistance [62],Health care and social assistance,False,978.4,-6.8,8.5,0.9
2024-02,2024-02-01,Health care and social assistance [62],Health care and social assistance,False,976.9,-1.5,5.6,0.6
2024-03,2024-03-01,Health care and social assistance [62],Health care and social assistance,False,994.0,17.1,18.3,1.9
2024-04,2024-04-01,Health care and social assistance [62],Health care and social assistance,False,999.5,5.5,20.3,2.1
2024-05,2024-05-01,Health care and social assistance [62],Health care and social assistance,False,1019.2,19.7,49.4,5.1
2024-06,2024-06-01,Health care and social assistance [62],Health care and social assistance,False,1018.6,-0.6,41.1,4.2
2024-07,2024-07-01,Health care and social assistance [62],Health care and social assistance,False,1015.8,-2.8,33.4,3.4
2024-08,2024-08-01,Health care and social assistance [62],Health care and social assistance,False,1024.1,8.3,42.5,4.3
2024-09,2024-09-01,Health care and social assistance [62],Health care and social assistance,False,1019.3,-4.8,23.1,2.3
2024-10,2024-10-01,Health care and social assistance [62],Health care and social assistance,False,1019.2,-0.1,13.0,1.3
2024-11,2024-11-01,Health care and social assistance [62],Health care and social assistance,False,1016.8,-2.4,26.6,2.7
2024-12,2024-12-01,Health care and social assistance [62],Health care and social assistance,False,1004.8,-12.0,19.6,2.0
2025-01,2025-01-01,Health care and social assistance [62],Health care and social assistance,False,1021.6,16.8,43.2,4.4
2025-02,2025-02-01,Health care and social assistance [62],Health care and social assistance,False,1024.4,2.8,47.5,4.9
2025-03,2025-03-01,Health care and social assistance [62],Health care and social assistance,False,1017.9,-6.5,23.9,2.4
2025-04,2025-04-01,Health care and social assistance [62],Health care and social assistance,False,1013.2,-4.7,13.7,1.4
2025-05,2025-05-01,Health care and social assistance [62],Health care and social assistance,False,1015.0,1.8,-4.2,-0.4
2025-06,2025-06-01,Health care and social assistance [62],Health care and social assistance,False,1018.2,3.2,-0.4,-0.0
2025-07,2025-07-01,Health care and social assistance [62],Health care and social assistance,False,1021.6,3.4,5.8,0.6
2025-08,2025-08-01,Health care and social assistance [62],Health care and social assistance,False,1020.8,-0.8,-3.3,-0.3
2025-09,2025-09-01,Health care and social assistance [62],Health care and social assistance,False,1021.2,0.4,1.9,0.2
2025-10,2025-10-01,Health care and social assistance [62],Health care and social assistance,False,1013.4,-7.8,-5.8,-0.6
2025-11,2025-11-01,Health care and social assistance [62],Health care and social assistance,False,1031.3,17.9,14.5,1.4
2025-12,2025-12-01,Health care and social assistance [62],Health care and social assistance,False,1040.0,8.7,35.2,3.5
2026-01,2026-01-01,Health care and social assistance [62],Health care and social assistance,False,1029.7,-10.3,8.1,0.8
2026-02,2026-02-01,Health care and social assistance [62],Health care and social assistance,False,1030.2,0.5,5.8,0.6
2026-03,2026-03-01,Health care and social assistance [62],Health care and social assistance,False,1035.9,5.7,18.0,1.8
2026-04,2026-04-01,Health care and social assistance [62],Health care and social assistance,False,1052.9,17.0,39.7,3.9
2021-01,2021-01-01,"Information, culture and recreation [51, 71]","Information, culture and recreation",False,255.8,,,
2021-02,2021-02-01,"Information, culture and recreation [51, 71]","Information, culture and recreation",False,279.4,23.6,,
2021-03,2021-03-01,"Information, culture and recreation [51, 71]","Information, culture and recreation",False,299.9,20.5,,
2021-04,2021-04-01,"Information, culture and recreation [51, 71]","Information, culture and recreation",False,282.5,-17.4,,
2021-05,2021-05-01,"Information, culture and recreation [51, 71]","Information, culture and recreation",False,270.3,-12.2,,
2021-06,2021-06-01,"Information, culture and recreation [51, 71]","Information, culture and recreation",False,285.8,15.5,,
2021-07,2021-07-01,"Information, culture and recreation [51, 71]","Information, culture and recreation",False,291.4,5.6,,
2021-08,2021-08-01,"Information, culture and recreation [51, 71]","Information, culture and recreation",False,305.9,14.5,,
2021-09,2021-09-01,"Information, culture and recreation [51, 71]","Information, culture and recreation",False,316.2,10.3,,
2021-10,2021-10-01,"Information, culture and recreation [51, 71]","Information, culture and recreation",False,325.6,9.4,,
2021-11,2021-11-01,"Information, culture and recreation [51, 71]","Information, culture and recreation",False,339.0,13.4,,
2021-12,2021-12-01,"Information, culture and recreation [51, 71]","Information, culture and recreation",False,329.8,-9.2,,
2022-01,2022-01-01,"Information, culture and recreation [51, 71]","Information, culture and recreation",False,280.1,-49.7,24.3,9.5
2022-02,2022-02-01,"Information, culture and recreation [51, 71]","Information, culture and recreation",False,327.8,47.7,48.4,17.3
2022-03,2022-03-01,"Information, culture and recreation [51, 71]","Information, culture and recreation",False,328.6,0.8,28.7,9.6
2022-04,2022-04-01,"Information, culture and recreation [51, 71]","Information, culture and recreation",False,335.6,7.0,53.1,18.8
2022-05,2022-05-01,"Information, culture and recreation [51, 71]","Information, culture and recreation",False,337.7,2.1,67.4,24.9
2022-06,2022-06-01,"Information, culture and recreation [51, 71]","Information, culture and recreation",False,329.1,-8.6,43.3,15.2
2022-07,2022-07-01,"Information, culture and recreation [51, 71]","Information, culture and recreation",False,321.7,-7.4,30.3,10.4
2022-08,2022-08-01,"Information, culture and recreation [51, 71]","Information, culture and recreation",False,306.5,-15.2,0.6,0.2
2022-09,2022-09-01,"Information, culture and recreation [51, 71]","Information, culture and recreation",False,312.4,5.9,-3.8,-1.2
2022-10,2022-10-01,"Information, culture and recreation [51, 71]","Information, culture and recreation",False,306.2,-6.2,-19.4,-6.0
2022-11,2022-11-01,"Information, culture and recreation [51, 71]","Information, culture and recreation",False,302.4,-3.8,-36.6,-10.8
2022-12,2022-12-01,"Information, culture and recreation [51, 71]","Information, culture and recreation",False,318.0,15.6,-11.8,-3.6
2023-01,2023-01-01,"Information, culture and recreation [51, 71]","Information, culture and recreation",False,319.3,1.3,39.2,14.0
2023-02,2023-02-01,"Information, culture and recreation [51, 71]","Information, culture and recreation",False,317.0,-2.3,-10.8,-3.3
2023-03,2023-03-01,"Information, culture and recreation [51, 71]","Information, culture and recreation",False,321.7,4.7,-6.9,-2.1
2023-04,2023-04-01,"Information, culture and recreation [51, 71]","Information, culture and recreation",False,331.8,10.1,-3.8,-1.1
2023-05,2023-05-01,"Information, culture and recreation [51, 71]","Information, culture and recreation",False,335.9,4.1,-1.8,-0.5
2023-06,2023-06-01,"Information, culture and recreation [51, 71]","Information, culture and recreation",False,338.9,3.0,9.8,3.0
2023-07,2023-07-01,"Information, culture and recreation [51, 71]","Information, culture and recreation",False,332.6,-6.3,10.9,3.4
2023-08,2023-08-01,"Information, culture and recreation [51, 71]","Information, culture and recreation",False,334.7,2.1,28.2,9.2
2023-09,2023-09-01,"Information, culture and recreation [51, 71]","Information, culture and recreation",False,312.5,-22.2,0.1,0.0
2023-10,2023-10-01,"Information, culture and recreation [51, 71]","Information, culture and recreation",False,323.8,11.3,17.6,5.7
2023-11,2023-11-01,"Information, culture and recreation [51, 71]","Information, culture and recreation",False,319.7,-4.1,17.3,5.7
2023-12,2023-12-01,"Information, culture and recreation [51, 71]","Information, culture and recreation",False,311.4,-8.3,-6.6,-2.1
2024-01,2024-01-01,"Information, culture and recreation [51, 71]","Information, culture and recreation",False,309.0,-2.4,-10.3,-3.2
2024-02,2024-02-01,"Information, culture and recreation [51, 71]","Information, culture and recreation",False,313.1,4.1,-3.9,-1.2
2024-03,2024-03-01,"Information, culture and recreation [51, 71]","Information, culture and recreation",False,324.0,10.9,2.3,0.7
2024-04,2024-04-01,"Information, culture and recreation [51, 71]","Information, culture and recreation",False,310.8,-13.2,-21.0,-6.3
2024-05,2024-05-01,"Information, culture and recreation [51, 71]","Information, culture and recreation",False,318.5,7.7,-17.4,-5.2
2024-06,2024-06-01,"Information, culture and recreation [51, 71]","Information, culture and recreation",False,318.6,0.1,-20.3,-6.0
2024-07,2024-07-01,"Information, culture and recreation [51, 71]","Information, culture and recreation",False,330.5,11.9,-2.1,-0.6
2024-08,2024-08-01,"Information, culture and recreation [51, 71]","Information, culture and recreation",False,332.0,1.5,-2.7,-0.8
2024-09,2024-09-01,"Information, culture and recreation [51, 71]","Information, culture and recreation",False,340.4,8.4,27.9,8.9
2024-10,2024-10-01,"Information, culture and recreation [51, 71]","Information, culture and recreation",False,332.3,-8.1,8.5,2.6
2024-11,2024-11-01,"Information, culture and recreation [51, 71]","Information, culture and recreation",False,341.1,8.8,21.4,6.7
2024-12,2024-12-01,"Information, culture and recreation [51, 71]","Information, culture and recreation",False,350.7,9.6,39.3,12.6
2025-01,2025-01-01,"Information, culture and recreation [51, 71]","Information, culture and recreation",False,360.6,9.9,51.6,16.7
2025-02,2025-02-01,"Information, culture and recreation [51, 71]","Information, culture and recreation",False,358.1,-2.5,45.0,14.4
2025-03,2025-03-01,"Information, culture and recreation [51, 71]","Information, culture and recreation",False,340.5,-17.6,16.5,5.1
2025-04,2025-04-01,"Information, culture and recreation [51, 71]","Information, culture and recreation",False,339.8,-0.7,29.0,9.3
2025-05,2025-05-01,"Information, culture and recreation [51, 71]","Information, culture and recreation",False,342.0,2.2,23.5,7.4
2025-06,2025-06-01,"Information, culture and recreation [51, 71]","Information, culture and recreation",False,350.5,8.5,31.9,10.0
2025-07,2025-07-01,"Information, culture and recreation [51, 71]","Information, culture and recreation",False,343.2,-7.3,12.7,3.8
2025-08,2025-08-01,"Information, culture and recreation [51, 71]","Information, culture and recreation",False,345.6,2.4,13.6,4.1
2025-09,2025-09-01,"Information, culture and recreation [51, 71]","Information, culture and recreation",False,345.4,-0.2,5.0,1.5
2025-10,2025-10-01,"Information, culture and recreation [51, 71]","Information, culture and recreation",False,364.1,18.7,31.8,9.6
2025-11,2025-11-01,"Information, culture and recreation [51, 71]","Information, culture and recreation",False,373.0,8.9,31.9,9.4
2025-12,2025-12-01,"Information, culture and recreation [51, 71]","Information, culture and recreation",False,379.1,6.1,28.4,8.1
2026-01,2026-01-01,"Information, culture and recreation [51, 71]","Information, culture and recreation",False,368.7,-10.4,8.1,2.2
2026-02,2026-02-01,"Information, culture and recreation [51, 71]","Information, culture and recreation",False,368.7,0.0,10.6,3.0
2026-03,2026-03-01,"Information, culture and recreation [51, 71]","Information, culture and recreation",False,371.6,2.9,31.1,9.1
2026-04,2026-04-01,"Information, culture and recreation [51, 71]","Information, culture and recreation",False,363.5,-8.1,23.7,7.0
2021-01,2021-01-01,Manufacturing [31-33],Manufacturing,False,795.2,,,
2021-02,2021-02-01,Manufacturing [31-33],Manufacturing,False,802.5,7.3,,
2021-03,2021-03-01,Manufacturing [31-33],Manufacturing,False,796.2,-6.3,,
2021-04,2021-04-01,Manufacturing [31-33],Manufacturing,False,777.7,-18.5,,
2021-05,2021-05-01,Manufacturing [31-33],Manufacturing,False,761.0,-16.7,,
2021-06,2021-06-01,Manufacturing [31-33],Manufacturing,False,770.7,9.7,,
2021-07,2021-07-01,Manufacturing [31-33],Manufacturing,False,770.8,0.1,,
2021-08,2021-08-01,Manufacturing [31-33],Manufacturing,False,774.3,3.5,,
2021-09,2021-09-01,Manufacturing [31-33],Manufacturing,False,767.6,-6.7,,
2021-10,2021-10-01,Manufacturing [31-33],Manufacturing,False,782.4,14.8,,
2021-11,2021-11-01,Manufacturing [31-33],Manufacturing,False,783.4,1.0,,
2021-12,2021-12-01,Manufacturing [31-33],Manufacturing,False,800.7,17.3,,
2022-01,2022-01-01,Manufacturing [31-33],Manufacturing,False,776.5,-24.2,-18.7,-2.4
2022-02,2022-02-01,Manufacturing [31-33],Manufacturing,False,784.4,7.9,-18.1,-2.3
2022-03,2022-03-01,Manufacturing [31-33],Manufacturing,False,790.2,5.8,-6.0,-0.8
2022-04,2022-04-01,Manufacturing [31-33],Manufacturing,False,793.5,3.3,15.8,2.0
2022-05,2022-05-01,Manufacturing [31-33],Manufacturing,False,790.0,-3.5,29.0,3.8
2022-06,2022-06-01,Manufacturing [31-33],Manufacturing,False,792.4,2.4,21.7,2.8
2022-07,2022-07-01,Manufacturing [31-33],Manufacturing,False,804.5,12.1,33.7,4.4
2022-08,2022-08-01,Manufacturing [31-33],Manufacturing,False,803.4,-1.1,29.1,3.8
2022-09,2022-09-01,Manufacturing [31-33],Manufacturing,False,802.4,-1.0,34.8,4.5
2022-10,2022-10-01,Manufacturing [31-33],Manufacturing,False,814.5,12.1,32.1,4.1
2022-11,2022-11-01,Manufacturing [31-33],Manufacturing,False,813.1,-1.4,29.7,3.8
2022-12,2022-12-01,Manufacturing [31-33],Manufacturing,False,808.1,-5.0,7.4,0.9
2023-01,2023-01-01,Manufacturing [31-33],Manufacturing,False,815.9,7.8,39.4,5.1
2023-02,2023-02-01,Manufacturing [31-33],Manufacturing,False,816.0,0.1,31.6,4.0
2023-03,2023-03-01,Manufacturing [31-33],Manufacturing,False,804.8,-11.2,14.6,1.8
2023-04,2023-04-01,Manufacturing [31-33],Manufacturing,False,812.1,7.3,18.6,2.3
2023-05,2023-05-01,Manufacturing [31-33],Manufacturing,False,836.6,24.5,46.6,5.9
2023-06,2023-06-01,Manufacturing [31-33],Manufacturing,False,836.0,-0.6,43.6,5.5
2023-07,2023-07-01,Manufacturing [31-33],Manufacturing,False,840.9,4.9,36.4,4.5
2023-08,2023-08-01,Manufacturing [31-33],Manufacturing,False,836.6,-4.3,33.2,4.1
2023-09,2023-09-01,Manufacturing [31-33],Manufacturing,False,836.3,-0.3,33.9,4.2
2023-10,2023-10-01,Manufacturing [31-33],Manufacturing,False,834.3,-2.0,19.8,2.4
2023-11,2023-11-01,Manufacturing [31-33],Manufacturing,False,839.4,5.1,26.3,3.2
2023-12,2023-12-01,Manufacturing [31-33],Manufacturing,False,835.2,-4.2,27.1,3.4
2024-01,2024-01-01,Manufacturing [31-33],Manufacturing,False,832.3,-2.9,16.4,2.0
2024-02,2024-02-01,Manufacturing [31-33],Manufacturing,False,828.8,-3.5,12.8,1.6
2024-03,2024-03-01,Manufacturing [31-33],Manufacturing,False,836.6,7.8,31.8,4.0
2024-04,2024-04-01,Manufacturing [31-33],Manufacturing,False,849.7,13.1,37.6,4.6
2024-05,2024-05-01,Manufacturing [31-33],Manufacturing,False,835.8,-13.9,-0.8,-0.1
2024-06,2024-06-01,Manufacturing [31-33],Manufacturing,False,843.3,7.5,7.3,0.9
2024-07,2024-07-01,Manufacturing [31-33],Manufacturing,False,832.1,-11.2,-8.8,-1.0
2024-08,2024-08-01,Manufacturing [31-33],Manufacturing,False,834.2,2.1,-2.4,-0.3
2024-09,2024-09-01,Manufacturing [31-33],Manufacturing,False,825.4,-8.8,-10.9,-1.3
2024-10,2024-10-01,Manufacturing [31-33],Manufacturing,False,820.7,-4.7,-13.6,-1.6
2024-11,2024-11-01,Manufacturing [31-33],Manufacturing,False,804.9,-15.8,-34.5,-4.1
2024-12,2024-12-01,Manufacturing [31-33],Manufacturing,False,821.3,16.4,-13.9,-1.7
2025-01,2025-01-01,Manufacturing [31-33],Manufacturing,False,828.7,7.4,-3.6,-0.4
2025-02,2025-02-01,Manufacturing [31-33],Manufacturing,False,835.5,6.8,6.7,0.8
2025-03,2025-03-01,Manufacturing [31-33],Manufacturing,False,836.7,1.2,0.1,0.0
2025-04,2025-04-01,Manufacturing [31-33],Manufacturing,False,811.1,-25.6,-38.6,-4.5
2025-05,2025-05-01,Manufacturing [31-33],Manufacturing,False,809.4,-1.7,-26.4,-3.2
2025-06,2025-06-01,Manufacturing [31-33],Manufacturing,False,805.3,-4.1,-38.0,-4.5
2025-07,2025-07-01,Manufacturing [31-33],Manufacturing,False,811.4,6.1,-20.7,-2.5
2025-08,2025-08-01,Manufacturing [31-33],Manufacturing,False,815.9,4.5,-18.3,-2.2
2025-09,2025-09-01,Manufacturing [31-33],Manufacturing,False,825.0,9.1,-0.4,-0.0
2025-10,2025-10-01,Manufacturing [31-33],Manufacturing,False,827.9,2.9,7.2,0.9
2025-11,2025-11-01,Manufacturing [31-33],Manufacturing,False,824.2,-3.7,19.3,2.4
2025-12,2025-12-01,Manufacturing [31-33],Manufacturing,False,831.0,6.8,9.7,1.2
2026-01,2026-01-01,Manufacturing [31-33],Manufacturing,False,801.7,-29.3,-27.0,-3.3
2026-02,2026-02-01,Manufacturing [31-33],Manufacturing,False,794.2,-7.5,-41.3,-4.9
2026-03,2026-03-01,Manufacturing [31-33],Manufacturing,False,793.9,-0.3,-42.8,-5.1
2026-04,2026-04-01,Manufacturing [31-33],Manufacturing,False,802.6,8.7,-8.5,-1.0
2021-01,2021-01-01,Other services (except public administration) [81],Other services (except public administration),False,251.4,,,
2021-02,2021-02-01,Other services (except public administration) [81],Other services (except public administration),False,254.8,3.4,,
2021-03,2021-03-01,Other services (except public administration) [81],Other services (except public administration),False,268.3,13.5,,
2021-04,2021-04-01,Other services (except public administration) [81],Other services (except public administration),False,259.8,-8.5,,
2021-05,2021-05-01,Other services (except public administration) [81],Other services (except public administration),False,263.1,3.3,,
2021-06,2021-06-01,Other services (except public administration) [81],Other services (except public administration),False,259.0,-4.1,,
2021-07,2021-07-01,Other services (except public administration) [81],Other services (except public administration),False,264.3,5.3,,
2021-08,2021-08-01,Other services (except public administration) [81],Other services (except public administration),False,253.9,-10.4,,
2021-09,2021-09-01,Other services (except public administration) [81],Other services (except public administration),False,252.1,-1.8,,
2021-10,2021-10-01,Other services (except public administration) [81],Other services (except public administration),False,262.7,10.6,,
2021-11,2021-11-01,Other services (except public administration) [81],Other services (except public administration),False,254.9,-7.8,,
2021-12,2021-12-01,Other services (except public administration) [81],Other services (except public administration),False,252.7,-2.2,,
2022-01,2022-01-01,Other services (except public administration) [81],Other services (except public administration),False,252.9,0.2,1.5,0.6
2022-02,2022-02-01,Other services (except public administration) [81],Other services (except public administration),False,246.9,-6.0,-7.9,-3.1
2022-03,2022-03-01,Other services (except public administration) [81],Other services (except public administration),False,252.2,5.3,-16.1,-6.0
2022-04,2022-04-01,Other services (except public administration) [81],Other services (except public administration),False,254.8,2.6,-5.0,-1.9
2022-05,2022-05-01,Other services (except public administration) [81],Other services (except public administration),False,253.0,-1.8,-10.1,-3.8
2022-06,2022-06-01,Other services (except public administration) [81],Other services (except public administration),False,243.7,-9.3,-15.3,-5.9
2022-07,2022-07-01,Other services (except public administration) [81],Other services (except public administration),False,247.4,3.7,-16.9,-6.4
2022-08,2022-08-01,Other services (except public administration) [81],Other services (except public administration),False,252.2,4.8,-1.7,-0.7
2022-09,2022-09-01,Other services (except public administration) [81],Other services (except public administration),False,253.4,1.2,1.3,0.5
2022-10,2022-10-01,Other services (except public administration) [81],Other services (except public administration),False,255.9,2.5,-6.8,-2.6
2022-11,2022-11-01,Other services (except public administration) [81],Other services (except public administration),False,253.6,-2.3,-1.3,-0.5
2022-12,2022-12-01,Other services (except public administration) [81],Other services (except public administration),False,250.8,-2.8,-1.9,-0.8
2023-01,2023-01-01,Other services (except public administration) [81],Other services (except public administration),False,266.0,15.2,13.1,5.2
2023-02,2023-02-01,Other services (except public administration) [81],Other services (except public administration),False,265.5,-0.5,18.6,7.5
2023-03,2023-03-01,Other services (except public administration) [81],Other services (except public administration),False,266.3,0.8,14.1,5.6
2023-04,2023-04-01,Other services (except public administration) [81],Other services (except public administration),False,257.8,-8.5,3.0,1.2
2023-05,2023-05-01,Other services (except public administration) [81],Other services (except public administration),False,261.7,3.9,8.7,3.4
2023-06,2023-06-01,Other services (except public administration) [81],Other services (except public administration),False,267.8,6.1,24.1,9.9
2023-07,2023-07-01,Other services (except public administration) [81],Other services (except public administration),False,270.9,3.1,23.5,9.5
2023-08,2023-08-01,Other services (except public administration) [81],Other services (except public administration),False,277.0,6.1,24.8,9.8
2023-09,2023-09-01,Other services (except public administration) [81],Other services (except public administration),False,280.6,3.6,27.2,10.7
2023-10,2023-10-01,Other services (except public administration) [81],Other services (except public administration),False,284.3,3.7,28.4,11.1
2023-11,2023-11-01,Other services (except public administration) [81],Other services (except public administration),False,292.4,8.1,38.8,15.3
2023-12,2023-12-01,Other services (except public administration) [81],Other services (except public administration),False,292.0,-0.4,41.2,16.4
2024-01,2024-01-01,Other services (except public administration) [81],Other services (except public administration),False,286.7,-5.3,20.7,7.8
2024-02,2024-02-01,Other services (except public administration) [81],Other services (except public administration),False,293.0,6.3,27.5,10.4
2024-03,2024-03-01,Other services (except public administration) [81],Other services (except public administration),False,281.5,-11.5,15.2,5.7
2024-04,2024-04-01,Other services (except public administration) [81],Other services (except public administration),False,292.8,11.3,35.0,13.6
2024-05,2024-05-01,Other services (except public administration) [81],Other services (except public administration),False,292.1,-0.7,30.4,11.6
2024-06,2024-06-01,Other services (except public administration) [81],Other services (except public administration),False,300.6,8.5,32.8,12.2
2024-07,2024-07-01,Other services (except public administration) [81],Other services (except public administration),False,297.9,-2.7,27.0,10.0
2024-08,2024-08-01,Other services (except public administration) [81],Other services (except public administration),False,286.7,-11.2,9.7,3.5
2024-09,2024-09-01,Other services (except public administration) [81],Other services (except public administration),False,289.5,2.8,8.9,3.2
2024-10,2024-10-01,Other services (except public administration) [81],Other services (except public administration),False,287.4,-2.1,3.1,1.1
2024-11,2024-11-01,Other services (except public administration) [81],Other services (except public administration),False,283.5,-3.9,-8.9,-3.0
2024-12,2024-12-01,Other services (except public administration) [81],Other services (except public administration),False,283.8,0.3,-8.2,-2.8
2025-01,2025-01-01,Other services (except public administration) [81],Other services (except public administration),False,278.2,-5.6,-8.5,-3.0
2025-02,2025-02-01,Other services (except public administration) [81],Other services (except public administration),False,280.3,2.1,-12.7,-4.3
2025-03,2025-03-01,Other services (except public administration) [81],Other services (except public administration),False,292.9,12.6,11.4,4.0
2025-04,2025-04-01,Other services (except public administration) [81],Other services (except public administration),False,287.4,-5.5,-5.4,-1.8
2025-05,2025-05-01,Other services (except public administration) [81],Other services (except public administration),False,290.8,3.4,-1.3,-0.4
2025-06,2025-06-01,Other services (except public administration) [81],Other services (except public administration),False,283.3,-7.5,-17.3,-5.8
2025-07,2025-07-01,Other services (except public administration) [81],Other services (except public administration),False,290.1,6.8,-7.8,-2.6
2025-08,2025-08-01,Other services (except public administration) [81],Other services (except public administration),False,290.6,0.5,3.9,1.4
2025-09,2025-09-01,Other services (except public administration) [81],Other services (except public administration),False,291.4,0.8,1.9,0.7
2025-10,2025-10-01,Other services (except public administration) [81],Other services (except public administration),False,288.3,-3.1,0.9,0.3
2025-11,2025-11-01,Other services (except public administration) [81],Other services (except public administration),False,289.7,1.4,6.2,2.2
2025-12,2025-12-01,Other services (except public administration) [81],Other services (except public administration),False,297.5,7.8,13.7,4.8
2026-01,2026-01-01,Other services (except public administration) [81],Other services (except public administration),False,291.7,-5.8,13.5,4.9
2026-02,2026-02-01,Other services (except public administration) [81],Other services (except public administration),False,293.6,1.9,13.3,4.7
2026-03,2026-03-01,Other services (except public administration) [81],Other services (except public administration),False,298.2,4.6,5.3,1.8
2026-04,2026-04-01,Other services (except public administration) [81],Other services (except public administration),False,297.5,-0.7,10.1,3.5
2021-01,2021-01-01,"Professional, scientific and technical services [54]","Professional, scientific and technical services",False,741.4,,,
2021-02,2021-02-01,"Professional, scientific and technical services [54]","Professional, scientific and technical services",False,736.5,-4.9,,
2021-03,2021-03-01,"Professional, scientific and technical services [54]","Professional, scientific and technical services",False,738.8,2.3,,
2021-04,2021-04-01,"Professional, scientific and technical services [54]","Professional, scientific and technical services",False,737.8,-1.0,,
2021-05,2021-05-01,"Professional, scientific and technical services [54]","Professional, scientific and technical services",False,750.4,12.6,,
2021-06,2021-06-01,"Professional, scientific and technical services [54]","Professional, scientific and technical services",False,761.6,11.2,,
2021-07,2021-07-01,"Professional, scientific and technical services [54]","Professional, scientific and technical services",False,763.8,2.2,,
2021-08,2021-08-01,"Professional, scientific and technical services [54]","Professional, scientific and technical services",False,763.6,-0.2,,
2021-09,2021-09-01,"Professional, scientific and technical services [54]","Professional, scientific and technical services",False,772.1,8.5,,
2021-10,2021-10-01,"Professional, scientific and technical services [54]","Professional, scientific and technical services",False,767.2,-4.9,,
2021-11,2021-11-01,"Professional, scientific and technical services [54]","Professional, scientific and technical services",False,781.5,14.3,,
2021-12,2021-12-01,"Professional, scientific and technical services [54]","Professional, scientific and technical services",False,777.8,-3.7,,
2022-01,2022-01-01,"Professional, scientific and technical services [54]","Professional, scientific and technical services",False,776.8,-1.0,35.4,4.8
2022-02,2022-02-01,"Professional, scientific and technical services [54]","Professional, scientific and technical services",False,790.7,13.9,54.2,7.4
2022-03,2022-03-01,"Professional, scientific and technical services [54]","Professional, scientific and technical services",False,806.4,15.7,67.6,9.1
2022-04,2022-04-01,"Professional, scientific and technical services [54]","Professional, scientific and technical services",False,809.8,3.4,72.0,9.8
2022-05,2022-05-01,"Professional, scientific and technical services [54]","Professional, scientific and technical services",False,807.3,-2.5,56.9,7.6
2022-06,2022-06-01,"Professional, scientific and technical services [54]","Professional, scientific and technical services",False,803.3,-4.0,41.7,5.5
2022-07,2022-07-01,"Professional, scientific and technical services [54]","Professional, scientific and technical services",False,807.0,3.7,43.2,5.7
2022-08,2022-08-01,"Professional, scientific and technical services [54]","Professional, scientific and technical services",False,806.2,-0.8,42.6,5.6
2022-09,2022-09-01,"Professional, scientific and technical services [54]","Professional, scientific and technical services",False,795.0,-11.2,22.9,3.0
2022-10,2022-10-01,"Professional, scientific and technical services [54]","Professional, scientific and technical services",False,808.5,13.5,41.3,5.4
2022-11,2022-11-01,"Professional, scientific and technical services [54]","Professional, scientific and technical services",False,806.9,-1.6,25.4,3.3
2022-12,2022-12-01,"Professional, scientific and technical services [54]","Professional, scientific and technical services",False,817.4,10.5,39.6,5.1
2023-01,2023-01-01,"Professional, scientific and technical services [54]","Professional, scientific and technical services",False,815.5,-1.9,38.7,5.0
2023-02,2023-02-01,"Professional, scientific and technical services [54]","Professional, scientific and technical services",False,824.9,9.4,34.2,4.3
2023-03,2023-03-01,"Professional, scientific and technical services [54]","Professional, scientific and technical services",False,822.1,-2.8,15.7,1.9
2023-04,2023-04-01,"Professional, scientific and technical services [54]","Professional, scientific and technical services",False,816.6,-5.5,6.8,0.8
2023-05,2023-05-01,"Professional, scientific and technical services [54]","Professional, scientific and technical services",False,813.0,-3.6,5.7,0.7
2023-06,2023-06-01,"Professional, scientific and technical services [54]","Professional, scientific and technical services",False,820.3,7.3,17.0,2.1
2023-07,2023-07-01,"Professional, scientific and technical services [54]","Professional, scientific and technical services",False,821.7,1.4,14.7,1.8
2023-08,2023-08-01,"Professional, scientific and technical services [54]","Professional, scientific and technical services",False,847.0,25.3,40.8,5.1
2023-09,2023-09-01,"Professional, scientific and technical services [54]","Professional, scientific and technical services",False,856.3,9.3,61.3,7.7
2023-10,2023-10-01,"Professional, scientific and technical services [54]","Professional, scientific and technical services",False,854.3,-2.0,45.8,5.7
2023-11,2023-11-01,"Professional, scientific and technical services [54]","Professional, scientific and technical services",False,865.6,11.3,58.7,7.3
2023-12,2023-12-01,"Professional, scientific and technical services [54]","Professional, scientific and technical services",False,881.6,16.0,64.2,7.9
2024-01,2024-01-01,"Professional, scientific and technical services [54]","Professional, scientific and technical services",False,878.5,-3.1,63.0,7.7
2024-02,2024-02-01,"Professional, scientific and technical services [54]","Professional, scientific and technical services",False,886.4,7.9,61.5,7.5
2024-03,2024-03-01,"Professional, scientific and technical services [54]","Professional, scientific and technical services",False,882.8,-3.6,60.7,7.4
2024-04,2024-04-01,"Professional, scientific and technical services [54]","Professional, scientific and technical services",False,889.1,6.3,72.5,8.9
2024-05,2024-05-01,"Professional, scientific and technical services [54]","Professional, scientific and technical services",False,895.6,6.5,82.6,10.2
2024-06,2024-06-01,"Professional, scientific and technical services [54]","Professional, scientific and technical services",False,905.9,10.3,85.6,10.4
2024-07,2024-07-01,"Professional, scientific and technical services [54]","Professional, scientific and technical services",False,917.4,11.5,95.7,11.6
2024-08,2024-08-01,"Professional, scientific and technical services [54]","Professional, scientific and technical services",False,903.1,-14.3,56.1,6.6
2024-09,2024-09-01,"Professional, scientific and technical services [54]","Professional, scientific and technical services",False,910.0,6.9,53.7,6.3
2024-10,2024-10-01,"Professional, scientific and technical services [54]","Professional, scientific and technical services",False,908.8,-1.2,54.5,6.4
2024-11,2024-11-01,"Professional, scientific and technical services [54]","Professional, scientific and technical services",False,912.6,3.8,47.0,5.4
2024-12,2024-12-01,"Professional, scientific and technical services [54]","Professional, scientific and technical services",False,907.4,-5.2,25.8,2.9
2025-01,2025-01-01,"Professional, scientific and technical services [54]","Professional, scientific and technical services",False,913.6,6.2,35.1,4.0
2025-02,2025-02-01,"Professional, scientific and technical services [54]","Professional, scientific and technical services",False,893.9,-19.7,7.5,0.8
2025-03,2025-03-01,"Professional, scientific and technical services [54]","Professional, scientific and technical services",False,900.2,6.3,17.4,2.0
2025-04,2025-04-01,"Professional, scientific and technical services [54]","Professional, scientific and technical services",False,915.4,15.2,26.3,3.0
2025-05,2025-05-01,"Professional, scientific and technical services [54]","Professional, scientific and technical services",False,908.4,-7.0,12.8,1.4
2025-06,2025-06-01,"Professional, scientific and technical services [54]","Professional, scientific and technical services",False,916.3,7.9,10.4,1.1
2025-07,2025-07-01,"Professional, scientific and technical services [54]","Professional, scientific and technical services",False,915.5,-0.8,-1.9,-0.2
2025-08,2025-08-01,"Professional, scientific and technical services [54]","Professional, scientific and technical services",False,904.0,-11.5,0.9,0.1
2025-09,2025-09-01,"Professional, scientific and technical services [54]","Professional, scientific and technical services",False,911.0,7.0,1.0,0.1
2025-10,2025-10-01,"Professional, scientific and technical services [54]","Professional, scientific and technical services",False,918.2,7.2,9.4,1.0
2025-11,2025-11-01,"Professional, scientific and technical services [54]","Professional, scientific and technical services",False,916.2,-2.0,3.6,0.4
2025-12,2025-12-01,"Professional, scientific and technical services [54]","Professional, scientific and technical services",False,914.4,-1.8,7.0,0.8
2026-01,2026-01-01,"Professional, scientific and technical services [54]","Professional, scientific and technical services",False,897.9,-16.5,-15.7,-1.7
2026-02,2026-02-01,"Professional, scientific and technical services [54]","Professional, scientific and technical services",False,895.8,-2.1,1.9,0.2
2026-03,2026-03-01,"Professional, scientific and technical services [54]","Professional, scientific and technical services",False,905.9,10.1,5.7,0.6
2026-04,2026-04-01,"Professional, scientific and technical services [54]","Professional, scientific and technical services",False,902.9,-3.0,-12.5,-1.4
2021-01,2021-01-01,Public administration [91],Public administration,False,394.8,,,
2021-02,2021-02-01,Public administration [91],Public administration,False,393.2,-1.6,,
2021-03,2021-03-01,Public administration [91],Public administration,False,393.4,0.2,,
2021-04,2021-04-01,Public administration [91],Public administration,False,401.3,7.9,,
2021-05,2021-05-01,Public administration [91],Public administration,False,399.1,-2.2,,
2021-06,2021-06-01,Public administration [91],Public administration,False,418.3,19.2,,
2021-07,2021-07-01,Public administration [91],Public administration,False,417.6,-0.7,,
2021-08,2021-08-01,Public administration [91],Public administration,False,408.3,-9.3,,
2021-09,2021-09-01,Public administration [91],Public administration,False,435.5,27.2,,
2021-10,2021-10-01,Public administration [91],Public administration,False,419.5,-16.0,,
2021-11,2021-11-01,Public administration [91],Public administration,False,429.9,10.4,,
2021-12,2021-12-01,Public administration [91],Public administration,False,430.9,1.0,,
2022-01,2022-01-01,Public administration [91],Public administration,False,431.3,0.4,36.5,9.2
2022-02,2022-02-01,Public administration [91],Public administration,False,425.8,-5.5,32.6,8.3
2022-03,2022-03-01,Public administration [91],Public administration,False,431.1,5.3,37.7,9.6
2022-04,2022-04-01,Public administration [91],Public administration,False,437.2,6.1,35.9,8.9
2022-05,2022-05-01,Public administration [91],Public administration,False,438.3,1.1,39.2,9.8
2022-06,2022-06-01,Public administration [91],Public administration,False,440.9,2.6,22.6,5.4
2022-07,2022-07-01,Public administration [91],Public administration,False,450.3,9.4,32.7,7.8
2022-08,2022-08-01,Public administration [91],Public administration,False,456.6,6.3,48.3,11.8
2022-09,2022-09-01,Public administration [91],Public administration,False,449.2,-7.4,13.7,3.1
2022-10,2022-10-01,Public administration [91],Public administration,False,456.9,7.7,37.4,8.9
2022-11,2022-11-01,Public administration [91],Public administration,False,460.9,4.0,31.0,7.2
2022-12,2022-12-01,Public administration [91],Public administration,False,461.3,0.4,30.4,7.1
2023-01,2023-01-01,Public administration [91],Public administration,False,456.2,-5.1,24.9,5.8
2023-02,2023-02-01,Public administration [91],Public administration,False,462.2,6.0,36.4,8.5
2023-03,2023-03-01,Public administration [91],Public administration,False,462.7,0.5,31.6,7.3
2023-04,2023-04-01,Public administration [91],Public administration,False,463.5,0.8,26.3,6.0
2023-05,2023-05-01,Public administration [91],Public administration,False,464.3,0.8,26.0,5.9
2023-06,2023-06-01,Public administration [91],Public administration,False,468.5,4.2,27.6,6.3
2023-07,2023-07-01,Public administration [91],Public administration,False,457.4,-11.1,7.1,1.6
2023-08,2023-08-01,Public administration [91],Public administration,False,458.0,0.6,1.4,0.3
2023-09,2023-09-01,Public administration [91],Public administration,False,467.1,9.1,17.9,4.0
2023-10,2023-10-01,Public administration [91],Public administration,False,465.8,-1.3,8.9,1.9
2023-11,2023-11-01,Public administration [91],Public administration,False,460.2,-5.6,-0.7,-0.2
2023-12,2023-12-01,Public administration [91],Public administration,False,463.0,2.8,1.7,0.4
2024-01,2024-01-01,Public administration [91],Public administration,False,465.8,2.8,9.6,2.1
2024-02,2024-02-01,Public administration [91],Public administration,False,469.5,3.7,7.3,1.6
2024-03,2024-03-01,Public administration [91],Public administration,False,467.6,-1.9,4.9,1.1
2024-04,2024-04-01,Public administration [91],Public administration,False,470.4,2.8,6.9,1.5
2024-05,2024-05-01,Public administration [91],Public administration,False,471.4,1.0,7.1,1.5
2024-06,2024-06-01,Public administration [91],Public administration,False,462.1,-9.3,-6.4,-1.4
2024-07,2024-07-01,Public administration [91],Public administration,False,474.5,12.4,17.1,3.7
2024-08,2024-08-01,Public administration [91],Public administration,False,472.4,-2.1,14.4,3.1
2024-09,2024-09-01,Public administration [91],Public administration,False,481.4,9.0,14.3,3.1
2024-10,2024-10-01,Public administration [91],Public administration,False,476.3,-5.1,10.5,2.3
2024-11,2024-11-01,Public administration [91],Public administration,False,477.1,0.8,16.9,3.7
2024-12,2024-12-01,Public administration [91],Public administration,False,478.9,1.8,15.9,3.4
2025-01,2025-01-01,Public administration [91],Public administration,False,476.5,-2.4,10.7,2.3
2025-02,2025-02-01,Public administration [91],Public administration,False,474.8,-1.7,5.3,1.1
2025-03,2025-03-01,Public administration [91],Public administration,False,479.0,4.2,11.4,2.4
2025-04,2025-04-01,Public administration [91],Public administration,False,484.2,5.2,13.8,2.9
2025-05,2025-05-01,Public administration [91],Public administration,False,469.4,-14.8,-2.0,-0.4
2025-06,2025-06-01,Public administration [91],Public administration,False,469.8,0.4,7.7,1.7
2025-07,2025-07-01,Public administration [91],Public administration,False,471.0,1.2,-3.5,-0.7
2025-08,2025-08-01,Public administration [91],Public administration,False,466.8,-4.2,-5.6,-1.2
2025-09,2025-09-01,Public administration [91],Public administration,False,460.9,-5.9,-20.5,-4.3
2025-10,2025-10-01,Public administration [91],Public administration,False,465.7,4.8,-10.6,-2.2
2025-11,2025-11-01,Public administration [91],Public administration,False,467.3,1.6,-9.8,-2.1
2025-12,2025-12-01,Public administration [91],Public administration,False,469.1,1.8,-9.8,-2.0
2026-01,2026-01-01,Public administration [91],Public administration,False,467.0,-2.1,-9.5,-2.0
2026-02,2026-02-01,Public administration [91],Public administration,False,474.0,7.0,-0.8,-0.2
2026-03,2026-03-01,Public administration [91],Public administration,False,470.3,-3.7,-8.7,-1.8
2026-04,2026-04-01,Public administration [91],Public administration,False,471.3,1.0,-12.9,-2.7
2021-01,2021-01-01,Services-producing sector,Services-producing sector,True,5626.2,,,
2021-02,2021-02-01,Services-producing sector,Services-producing sector,True,5737.4,111.2,,
2021-03,2021-03-01,Services-producing sector,Services-producing sector,True,5885.4,148.0,,
2021-04,2021-04-01,Services-producing sector,Services-producing sector,True,5752.4,-133.0,,
2021-05,2021-05-01,Services-producing sector,Services-producing sector,True,5740.3,-12.1,,
2021-06,2021-06-01,Services-producing sector,Services-producing sector,True,5859.4,119.1,,
2021-07,2021-07-01,Services-producing sector,Services-producing sector,True,5961.8,102.4,,
2021-08,2021-08-01,Services-producing sector,Services-producing sector,True,5988.8,27.0,,
2021-09,2021-09-01,Services-producing sector,Services-producing sector,True,6087.2,98.4,,
2021-10,2021-10-01,Services-producing sector,Services-producing sector,True,6103.5,16.3,,
2021-11,2021-11-01,Services-producing sector,Services-producing sector,True,6163.2,59.7,,
2021-12,2021-12-01,Services-producing sector,Services-producing sector,True,6203.5,40.3,,
2022-01,2022-01-01,Services-producing sector,Services-producing sector,True,6041.2,-162.3,415.0,7.4
2022-02,2022-02-01,Services-producing sector,Services-producing sector,True,6206.9,165.7,469.5,8.2
2022-03,2022-03-01,Services-producing sector,Services-producing sector,True,6207.5,0.6,322.1,5.5
2022-04,2022-04-01,Services-producing sector,Services-producing sector,True,6225.8,18.3,473.4,8.2
2022-05,2022-05-01,Services-producing sector,Services-producing sector,True,6247.3,21.5,507.0,8.8
2022-06,2022-06-01,Services-producing sector,Services-producing sector,True,6218.1,-29.2,358.7,6.1
2022-07,2022-07-01,Services-producing sector,Services-producing sector,True,6220.6,2.5,258.8,4.3
2022-08,2022-08-01,Services-producing sector,Services-producing sector,True,6205.4,-15.2,216.6,3.6
2022-09,2022-09-01,Services-producing sector,Services-producing sector,True,6186.2,-19.2,99.0,1.6
2022-10,2022-10-01,Services-producing sector,Services-producing sector,True,6225.0,38.8,121.5,2.0
2022-11,2022-11-01,Services-producing sector,Services-producing sector,True,6236.5,11.5,73.3,1.2
2022-12,2022-12-01,Services-producing sector,Services-producing sector,True,6267.7,31.2,64.2,1.0
2023-01,2023-01-01,Services-producing sector,Services-producing sector,True,6300.3,32.6,259.1,4.3
2023-02,2023-02-01,Services-producing sector,Services-producing sector,True,6332.6,32.3,125.7,2.0
2023-03,2023-03-01,Services-producing sector,Services-producing sector,True,6363.4,30.8,155.9,2.5
2023-04,2023-04-01,Services-producing sector,Services-producing sector,True,6384.8,21.4,159.0,2.6
2023-05,2023-05-01,Services-producing sector,Services-producing sector,True,6341.7,-43.1,94.4,1.5
2023-06,2023-06-01,Services-producing sector,Services-producing sector,True,6397.2,55.5,179.1,2.9
2023-07,2023-07-01,Services-producing sector,Services-producing sector,True,6399.5,2.3,178.9,2.9
2023-08,2023-08-01,Services-producing sector,Services-producing sector,True,6415.3,15.8,209.9,3.4
2023-09,2023-09-01,Services-producing sector,Services-producing sector,True,6438.0,22.7,251.8,4.1
2023-10,2023-10-01,Services-producing sector,Services-producing sector,True,6435.2,-2.8,210.2,3.4
2023-11,2023-11-01,Services-producing sector,Services-producing sector,True,6437.9,2.7,201.4,3.2
2023-12,2023-12-01,Services-producing sector,Services-producing sector,True,6433.9,-4.0,166.2,2.7
2024-01,2024-01-01,Services-producing sector,Services-producing sector,True,6455.1,21.2,154.8,2.5
2024-02,2024-02-01,Services-producing sector,Services-producing sector,True,6463.9,8.8,131.3,2.1
2024-03,2024-03-01,Services-producing sector,Services-producing sector,True,6482.9,19.0,119.5,1.9
2024-04,2024-04-01,Services-producing sector,Services-producing sector,True,6518.2,35.3,133.4,2.1
2024-05,2024-05-01,Services-producing sector,Services-producing sector,True,6565.1,46.9,223.4,3.5
2024-06,2024-06-01,Services-producing sector,Services-producing sector,True,6568.5,3.4,171.3,2.7
2024-07,2024-07-01,Services-producing sector,Services-producing sector,True,6597.8,29.3,198.3,3.1
2024-08,2024-08-01,Services-producing sector,Services-producing sector,True,6588.8,-9.0,173.5,2.7
2024-09,2024-09-01,Services-producing sector,Services-producing sector,True,6627.3,38.5,189.3,2.9
2024-10,2024-10-01,Services-producing sector,Services-producing sector,True,6603.6,-23.7,168.4,2.6
2024-11,2024-11-01,Services-producing sector,Services-producing sector,True,6619.2,15.6,181.3,2.8
2024-12,2024-12-01,Services-producing sector,Services-producing sector,True,6629.6,10.4,195.7,3.0
2025-01,2025-01-01,Services-producing sector,Services-producing sector,True,6639.5,9.9,184.4,2.9
2025-02,2025-02-01,Services-producing sector,Services-producing sector,True,6651.2,11.7,187.3,2.9
2025-03,2025-03-01,Services-producing sector,Services-producing sector,True,6627.0,-24.2,144.1,2.2
2025-04,2025-04-01,Services-producing sector,Services-producing sector,True,6626.2,-0.8,108.0,1.7
2025-05,2025-05-01,Services-producing sector,Services-producing sector,True,6642.6,16.4,77.5,1.2
2025-06,2025-06-01,Services-producing sector,Services-producing sector,True,6647.8,5.2,79.3,1.2
2025-07,2025-07-01,Services-producing sector,Services-producing sector,True,6655.5,7.7,57.7,0.9
2025-08,2025-08-01,Services-producing sector,Services-producing sector,True,6627.5,-28.0,38.7,0.6
2025-09,2025-09-01,Services-producing sector,Services-producing sector,True,6629.1,1.6,1.8,0.0
2025-10,2025-10-01,Services-producing sector,Services-producing sector,True,6676.4,47.3,72.8,1.1
2025-11,2025-11-01,Services-producing sector,Services-producing sector,True,6676.7,0.3,57.5,0.9
2025-12,2025-12-01,Services-producing sector,Services-producing sector,True,6692.9,16.2,63.3,1.0
2026-01,2026-01-01,Services-producing sector,Services-producing sector,True,6647.4,-45.5,7.9,0.1
2026-02,2026-02-01,Services-producing sector,Services-producing sector,True,6660.3,12.9,9.1,0.1
2026-03,2026-03-01,Services-producing sector,Services-producing sector,True,6651.5,-8.8,24.5,0.4
2026-04,2026-04-01,Services-producing sector,Services-producing sector,True,6691.3,39.8,65.1,1.0
2021-01,2021-01-01,"Total employed, all industries","Total employed, all industries",True,7112.7,,,
2021-02,2021-02-01,"Total employed, all industries","Total employed, all industries",True,7227.6,114.9,,
2021-03,2021-03-01,"Total employed, all industries","Total employed, all industries",True,7371.8,144.2,,
2021-04,2021-04-01,"Total employed, all industries","Total employed, all industries",True,7228.9,-142.9,,
2021-05,2021-05-01,"Total employed, all industries","Total employed, all industries",True,7196.4,-32.5,,
2021-06,2021-06-01,"Total employed, all industries","Total employed, all industries",True,7324.7,128.3,,
2021-07,2021-07-01,"Total employed, all industries","Total employed, all industries",True,7429.9,105.2,,
2021-08,2021-08-01,"Total employed, all industries","Total employed, all industries",True,7463.1,33.2,,
2021-09,2021-09-01,"Total employed, all industries","Total employed, all industries",True,7553.1,90.0,,
2021-10,2021-10-01,"Total employed, all industries","Total employed, all industries",True,7596.9,43.8,,
2021-11,2021-11-01,"Total employed, all industries","Total employed, all industries",True,7662.2,65.3,,
2021-12,2021-12-01,"Total employed, all industries","Total employed, all industries",True,7716.4,54.2,,
2022-01,2022-01-01,"Total employed, all industries","Total employed, all industries",True,7552.3,-164.1,439.6,6.2
2022-02,2022-02-01,"Total employed, all industries","Total employed, all industries",True,7737.9,185.6,510.3,7.1
2022-03,2022-03-01,"Total employed, all industries","Total employed, all industries",True,7753.1,15.2,381.3,5.2
2022-04,2022-04-01,"Total employed, all industries","Total employed, all industries",True,7784.2,31.1,555.3,7.7
2022-05,2022-05-01,"Total employed, all industries","Total employed, all industries",True,7791.0,6.8,594.6,8.3
2022-06,2022-06-01,"Total employed, all industries","Total employed, all industries",True,7773.1,-17.9,448.4,6.1
2022-07,2022-07-01,"Total employed, all industries","Total employed, all industries",True,7788.1,15.0,358.2,4.8
2022-08,2022-08-01,"Total employed, all industries","Total employed, all industries",True,7772.8,-15.3,309.7,4.1
2022-09,2022-09-01,"Total employed, all industries","Total employed, all industries",True,7751.2,-21.6,198.1,2.6
2022-10,2022-10-01,"Total employed, all industries","Total employed, all industries",True,7804.3,53.1,207.4,2.7
2022-11,2022-11-01,"Total employed, all industries","Total employed, all industries",True,7819.5,15.2,157.3,2.1
2022-12,2022-12-01,"Total employed, all industries","Total employed, all industries",True,7864.0,44.5,147.6,1.9
2023-01,2023-01-01,"Total employed, all industries","Total employed, all industries",True,7900.4,36.4,348.1,4.6
2023-02,2023-02-01,"Total employed, all industries","Total employed, all industries",True,7932.1,31.7,194.2,2.5
2023-03,2023-03-01,"Total employed, all industries","Total employed, all industries",True,7961.7,29.6,208.6,2.7
2023-04,2023-04-01,"Total employed, all industries","Total employed, all industries",True,7992.2,30.5,208.0,2.7
2023-05,2023-05-01,"Total employed, all industries","Total employed, all industries",True,7981.3,-10.9,190.3,2.4
2023-06,2023-06-01,"Total employed, all industries","Total employed, all industries",True,8029.9,48.6,256.8,3.3
2023-07,2023-07-01,"Total employed, all industries","Total employed, all industries",True,8037.7,7.8,249.6,3.2
2023-08,2023-08-01,"Total employed, all industries","Total employed, all industries",True,8052.4,14.7,279.6,3.6
2023-09,2023-09-01,"Total employed, all industries","Total employed, all industries",True,8067.1,14.7,315.9,4.1
2023-10,2023-10-01,"Total employed, all industries","Total employed, all industries",True,8055.4,-11.7,251.1,3.2
2023-11,2023-11-01,"Total employed, all industries","Total employed, all industries",True,8063.9,8.5,244.4,3.1
2023-12,2023-12-01,"Total employed, all industries","Total employed, all industries",True,8038.2,-25.7,174.2,2.2
2024-01,2024-01-01,"Total employed, all industries","Total employed, all industries",True,8051.0,12.8,150.6,1.9
2024-02,2024-02-01,"Total employed, all industries","Total employed, all industries",True,8054.6,3.6,122.5,1.5
2024-03,2024-03-01,"Total employed, all industries","Total employed, all industries",True,8092.5,37.9,130.8,1.6
2024-04,2024-04-01,"Total employed, all industries","Total employed, all industries",True,8114.1,21.6,121.9,1.5
2024-05,2024-05-01,"Total employed, all industries","Total employed, all industries",True,8152.5,38.4,171.2,2.1
2024-06,2024-06-01,"Total employed, all industries","Total employed, all industries",True,8155.4,2.9,125.5,1.6
2024-07,2024-07-01,"Total employed, all industries","Total employed, all industries",True,8175.1,19.7,137.4,1.7
2024-08,2024-08-01,"Total employed, all industries","Total employed, all industries",True,8170.3,-4.8,117.9,1.5
2024-09,2024-09-01,"Total employed, all industries","Total employed, all industries",True,8203.1,32.8,136.0,1.7
2024-10,2024-10-01,"Total employed, all industries","Total employed, all industries",True,8180.2,-22.9,124.8,1.5
2024-11,2024-11-01,"Total employed, all industries","Total employed, all industries",True,8172.9,-7.3,109.0,1.4
2024-12,2024-12-01,"Total employed, all industries","Total employed, all industries",True,8210.0,37.1,171.8,2.1
2025-01,2025-01-01,"Total employed, all industries","Total employed, all industries",True,8234.2,24.2,183.2,2.3
2025-02,2025-02-01,"Total employed, all industries","Total employed, all industries",True,8245.7,11.5,191.1,2.4
2025-03,2025-03-01,"Total employed, all industries","Total employed, all industries",True,8221.6,-24.1,129.1,1.6
2025-04,2025-04-01,"Total employed, all industries","Total employed, all industries",True,8193.6,-28.0,79.5,1.0
2025-05,2025-05-01,"Total employed, all industries","Total employed, all industries",True,8198.1,4.5,45.6,0.6
2025-06,2025-06-01,"Total employed, all industries","Total employed, all industries",True,8208.3,10.2,52.9,0.6
2025-07,2025-07-01,"Total employed, all industries","Total employed, all industries",True,8216.3,8.0,41.2,0.5
2025-08,2025-08-01,"Total employed, all industries","Total employed, all industries",True,8190.3,-26.0,20.0,0.2
2025-09,2025-09-01,"Total employed, all industries","Total employed, all industries",True,8200.2,9.9,-2.9,-0.0
2025-10,2025-10-01,"Total employed, all industries","Total employed, all industries",True,8252.5,52.3,72.3,0.9
2025-11,2025-11-01,"Total employed, all industries","Total employed, all industries",True,8256.4,3.9,83.5,1.0
2025-12,2025-12-01,"Total employed, all industries","Total employed, all industries",True,8274.5,18.1,64.5,0.8
2026-01,2026-01-01,"Total employed, all industries","Total employed, all industries",True,8208.0,-66.5,-26.2,-0.3
2026-02,2026-02-01,"Total employed, all industries","Total employed, all industries",True,8211.3,3.3,-34.4,-0.4
2026-03,2026-03-01,"Total employed, all industries","Total employed, all industries",True,8205.5,-5.8,-16.1,-0.2
2026-04,2026-04-01,"Total employed, all industries","Total employed, all industries",True,8247.9,42.4,54.3,0.7
2021-01,2021-01-01,Transportation and warehousing [48-49],Transportation and warehousing,False,343.8,,,
2021-02,2021-02-01,Transportation and warehousing [48-49],Transportation and warehousing,False,355.2,11.4,,
2021-03,2021-03-01,Transportation and warehousing [48-49],Transportation and warehousing,False,358.9,3.7,,
2021-04,2021-04-01,Transportation and warehousing [48-49],Transportation and warehousing,False,356.6,-2.3,,
2021-05,2021-05-01,Transportation and warehousing [48-49],Transportation and warehousing,False,364.4,7.8,,
2021-06,2021-06-01,Transportation and warehousing [48-49],Transportation and warehousing,False,360.7,-3.7,,
2021-07,2021-07-01,Transportation and warehousing [48-49],Transportation and warehousing,False,360.0,-0.7,,
2021-08,2021-08-01,Transportation and warehousing [48-49],Transportation and warehousing,False,365.6,5.6,,
2021-09,2021-09-01,Transportation and warehousing [48-49],Transportation and warehousing,False,375.0,9.4,,
2021-10,2021-10-01,Transportation and warehousing [48-49],Transportation and warehousing,False,374.0,-1.0,,
2021-11,2021-11-01,Transportation and warehousing [48-49],Transportation and warehousing,False,380.7,6.7,,
2021-12,2021-12-01,Transportation and warehousing [48-49],Transportation and warehousing,False,384.8,4.1,,
2022-01,2022-01-01,Transportation and warehousing [48-49],Transportation and warehousing,False,388.6,3.8,44.8,13.0
2022-02,2022-02-01,Transportation and warehousing [48-49],Transportation and warehousing,False,395.7,7.1,40.5,11.4
2022-03,2022-03-01,Transportation and warehousing [48-49],Transportation and warehousing,False,379.2,-16.5,20.3,5.7
2022-04,2022-04-01,Transportation and warehousing [48-49],Transportation and warehousing,False,378.2,-1.0,21.6,6.1
2022-05,2022-05-01,Transportation and warehousing [48-49],Transportation and warehousing,False,379.2,1.0,14.8,4.1
2022-06,2022-06-01,Transportation and warehousing [48-49],Transportation and warehousing,False,375.6,-3.6,14.9,4.1
2022-07,2022-07-01,Transportation and warehousing [48-49],Transportation and warehousing,False,383.0,7.4,23.0,6.4
2022-08,2022-08-01,Transportation and warehousing [48-49],Transportation and warehousing,False,380.7,-2.3,15.1,4.1
2022-09,2022-09-01,Transportation and warehousing [48-49],Transportation and warehousing,False,373.9,-6.8,-1.1,-0.3
2022-10,2022-10-01,Transportation and warehousing [48-49],Transportation and warehousing,False,375.4,1.5,1.4,0.4
2022-11,2022-11-01,Transportation and warehousing [48-49],Transportation and warehousing,False,376.0,0.6,-4.7,-1.2
2022-12,2022-12-01,Transportation and warehousing [48-49],Transportation and warehousing,False,384.1,8.1,-0.7,-0.2
2023-01,2023-01-01,Transportation and warehousing [48-49],Transportation and warehousing,False,381.5,-2.6,-7.1,-1.8
2023-02,2023-02-01,Transportation and warehousing [48-49],Transportation and warehousing,False,373.3,-8.2,-22.4,-5.7
2023-03,2023-03-01,Transportation and warehousing [48-49],Transportation and warehousing,False,387.1,13.8,7.9,2.1
2023-04,2023-04-01,Transportation and warehousing [48-49],Transportation and warehousing,False,406.5,19.4,28.3,7.5
2023-05,2023-05-01,Transportation and warehousing [48-49],Transportation and warehousing,False,395.0,-11.5,15.8,4.2
2023-06,2023-06-01,Transportation and warehousing [48-49],Transportation and warehousing,False,407.2,12.2,31.6,8.4
2023-07,2023-07-01,Transportation and warehousing [48-49],Transportation and warehousing,False,401.1,-6.1,18.1,4.7
2023-08,2023-08-01,Transportation and warehousing [48-49],Transportation and warehousing,False,399.5,-1.6,18.8,4.9
2023-09,2023-09-01,Transportation and warehousing [48-49],Transportation and warehousing,False,412.0,12.5,38.1,10.2
2023-10,2023-10-01,Transportation and warehousing [48-49],Transportation and warehousing,False,418.6,6.6,43.2,11.5
2023-11,2023-11-01,Transportation and warehousing [48-49],Transportation and warehousing,False,422.5,3.9,46.5,12.4
2023-12,2023-12-01,Transportation and warehousing [48-49],Transportation and warehousing,False,419.9,-2.6,35.8,9.3
2024-01,2024-01-01,Transportation and warehousing [48-49],Transportation and warehousing,False,415.2,-4.7,33.7,8.8
2024-02,2024-02-01,Transportation and warehousing [48-49],Transportation and warehousing,False,425.2,10.0,51.9,13.9
2024-03,2024-03-01,Transportation and warehousing [48-49],Transportation and warehousing,False,433.6,8.4,46.5,12.0
2024-04,2024-04-01,Transportation and warehousing [48-49],Transportation and warehousing,False,435.3,1.7,28.8,7.1
2024-05,2024-05-01,Transportation and warehousing [48-49],Transportation and warehousing,False,424.6,-10.7,29.6,7.5
2024-06,2024-06-01,Transportation and warehousing [48-49],Transportation and warehousing,False,417.7,-6.9,10.5,2.6
2024-07,2024-07-01,Transportation and warehousing [48-49],Transportation and warehousing,False,425.9,8.2,24.8,6.2
2024-08,2024-08-01,Transportation and warehousing [48-49],Transportation and warehousing,False,425.3,-0.6,25.8,6.5
2024-09,2024-09-01,Transportation and warehousing [48-49],Transportation and warehousing,False,425.0,-0.3,13.0,3.2
2024-10,2024-10-01,Transportation and warehousing [48-49],Transportation and warehousing,False,412.5,-12.5,-6.1,-1.5
2024-11,2024-11-01,Transportation and warehousing [48-49],Transportation and warehousing,False,405.4,-7.1,-17.1,-4.0
2024-12,2024-12-01,Transportation and warehousing [48-49],Transportation and warehousing,False,409.3,3.9,-10.6,-2.5
2025-01,2025-01-01,Transportation and warehousing [48-49],Transportation and warehousing,False,414.1,4.8,-1.1,-0.3
2025-02,2025-02-01,Transportation and warehousing [48-49],Transportation and warehousing,False,405.8,-8.3,-19.4,-4.6
2025-03,2025-03-01,Transportation and warehousing [48-49],Transportation and warehousing,False,403.2,-2.6,-30.4,-7.0
2025-04,2025-04-01,Transportation and warehousing [48-49],Transportation and warehousing,False,400.7,-2.5,-34.6,-7.9
2025-05,2025-05-01,Transportation and warehousing [48-49],Transportation and warehousing,False,402.3,1.6,-22.3,-5.3
2025-06,2025-06-01,Transportation and warehousing [48-49],Transportation and warehousing,False,405.2,2.9,-12.5,-3.0
2025-07,2025-07-01,Transportation and warehousing [48-49],Transportation and warehousing,False,421.0,15.8,-4.9,-1.2
2025-08,2025-08-01,Transportation and warehousing [48-49],Transportation and warehousing,False,418.5,-2.5,-6.8,-1.6
2025-09,2025-09-01,Transportation and warehousing [48-49],Transportation and warehousing,False,419.2,0.7,-5.8,-1.4
2025-10,2025-10-01,Transportation and warehousing [48-49],Transportation and warehousing,False,435.0,15.8,22.5,5.5
2025-11,2025-11-01,Transportation and warehousing [48-49],Transportation and warehousing,False,443.4,8.4,38.0,9.4
2025-12,2025-12-01,Transportation and warehousing [48-49],Transportation and warehousing,False,444.7,1.3,35.4,8.6
2026-01,2026-01-01,Transportation and warehousing [48-49],Transportation and warehousing,False,440.0,-4.7,25.9,6.3
2026-02,2026-02-01,Transportation and warehousing [48-49],Transportation and warehousing,False,446.9,6.9,41.1,10.1
2026-03,2026-03-01,Transportation and warehousing [48-49],Transportation and warehousing,False,444.3,-2.6,41.1,10.2
2026-04,2026-04-01,Transportation and warehousing [48-49],Transportation and warehousing,False,441.3,-3.0,40.6,10.1
2021-01,2021-01-01,Utilities [22],Utilities,False,49.2,,,
2021-02,2021-02-01,Utilities [22],Utilities,False,51.4,2.2,,
2021-03,2021-03-01,Utilities [22],Utilities,False,52.1,0.7,,
2021-04,2021-04-01,Utilities [22],Utilities,False,51.8,-0.3,,
2021-05,2021-05-01,Utilities [22],Utilities,False,50.4,-1.4,,
2021-06,2021-06-01,Utilities [22],Utilities,False,49.0,-1.4,,
2021-07,2021-07-01,Utilities [22],Utilities,False,57.6,8.6,,
2021-08,2021-08-01,Utilities [22],Utilities,False,53.7,-3.9,,
2021-09,2021-09-01,Utilities [22],Utilities,False,54.8,1.1,,
2021-10,2021-10-01,Utilities [22],Utilities,False,59.1,4.3,,
2021-11,2021-11-01,Utilities [22],Utilities,False,53.5,-5.6,,
2021-12,2021-12-01,Utilities [22],Utilities,False,58.7,5.2,,
2022-01,2022-01-01,Utilities [22],Utilities,False,60.4,1.7,11.2,22.8
2022-02,2022-02-01,Utilities [22],Utilities,False,57.6,-2.8,6.2,12.1
2022-03,2022-03-01,Utilities [22],Utilities,False,59.5,1.9,7.4,14.2
2022-04,2022-04-01,Utilities [22],Utilities,False,62.8,3.3,11.0,21.2
2022-05,2022-05-01,Utilities [22],Utilities,False,61.8,-1.0,11.4,22.6
2022-06,2022-06-01,Utilities [22],Utilities,False,63.0,1.2,14.0,28.6
2022-07,2022-07-01,Utilities [22],Utilities,False,58.9,-4.1,1.3,2.3
2022-08,2022-08-01,Utilities [22],Utilities,False,61.8,2.9,8.1,15.1
2022-09,2022-09-01,Utilities [22],Utilities,False,61.7,-0.1,6.9,12.6
2022-10,2022-10-01,Utilities [22],Utilities,False,63.4,1.7,4.3,7.3
2022-11,2022-11-01,Utilities [22],Utilities,False,62.4,-1.0,8.9,16.6
2022-12,2022-12-01,Utilities [22],Utilities,False,60.7,-1.7,2.0,3.4
2023-01,2023-01-01,Utilities [22],Utilities,False,60.8,0.1,0.4,0.7
2023-02,2023-02-01,Utilities [22],Utilities,False,63.5,2.7,5.9,10.2
2023-03,2023-03-01,Utilities [22],Utilities,False,64.5,1.0,5.0,8.4
2023-04,2023-04-01,Utilities [22],Utilities,False,63.7,-0.8,0.9,1.4
2023-05,2023-05-01,Utilities [22],Utilities,False,68.3,4.6,6.5,10.5
2023-06,2023-06-01,Utilities [22],Utilities,False,64.7,-3.6,1.7,2.7
2023-07,2023-07-01,Utilities [22],Utilities,False,65.7,1.0,6.8,11.5
2023-08,2023-08-01,Utilities [22],Utilities,False,66.6,0.9,4.8,7.8
2023-09,2023-09-01,Utilities [22],Utilities,False,64.8,-1.8,3.1,5.0
2023-10,2023-10-01,Utilities [22],Utilities,False,62.3,-2.5,-1.1,-1.7
2023-11,2023-11-01,Utilities [22],Utilities,False,62.7,0.4,0.3,0.5
2023-12,2023-12-01,Utilities [22],Utilities,False,64.6,1.9,3.9,6.4
2024-01,2024-01-01,Utilities [22],Utilities,False,60.9,-3.7,0.1,0.2
2024-02,2024-02-01,Utilities [22],Utilities,False,61.8,0.9,-1.7,-2.7
2024-03,2024-03-01,Utilities [22],Utilities,False,57.8,-4.0,-6.7,-10.4
2024-04,2024-04-01,Utilities [22],Utilities,False,55.6,-2.2,-8.1,-12.7
2024-05,2024-05-01,Utilities [22],Utilities,False,57.1,1.5,-11.2,-16.4
2024-06,2024-06-01,Utilities [22],Utilities,False,56.6,-0.5,-8.1,-12.5
2024-07,2024-07-01,Utilities [22],Utilities,False,62.1,5.5,-3.6,-5.5
2024-08,2024-08-01,Utilities [22],Utilities,False,60.2,-1.9,-6.4,-9.6
2024-09,2024-09-01,Utilities [22],Utilities,False,62.2,2.0,-2.6,-4.0
2024-10,2024-10-01,Utilities [22],Utilities,False,59.9,-2.3,-2.4,-3.9
2024-11,2024-11-01,Utilities [22],Utilities,False,58.7,-1.2,-4.0,-6.4
2024-12,2024-12-01,Utilities [22],Utilities,False,62.5,3.8,-2.1,-3.3
2025-01,2025-01-01,Utilities [22],Utilities,False,64.6,2.1,3.7,6.1
2025-02,2025-02-01,Utilities [22],Utilities,False,59.0,-5.6,-2.8,-4.5
2025-03,2025-03-01,Utilities [22],Utilities,False,66.5,7.5,8.7,15.1
2025-04,2025-04-01,Utilities [22],Utilities,False,68.4,1.9,12.8,23.0
2025-05,2025-05-01,Utilities [22],Utilities,False,69.4,1.0,12.3,21.5
2025-06,2025-06-01,Utilities [22],Utilities,False,68.5,-0.9,11.9,21.0
2025-07,2025-07-01,Utilities [22],Utilities,False,65.0,-3.5,2.9,4.7
2025-08,2025-08-01,Utilities [22],Utilities,False,64.8,-0.2,4.6,7.6
2025-09,2025-09-01,Utilities [22],Utilities,False,64.3,-0.5,2.1,3.4
2025-10,2025-10-01,Utilities [22],Utilities,False,69.1,4.8,9.2,15.4
2025-11,2025-11-01,Utilities [22],Utilities,False,69.4,0.3,10.7,18.2
2025-12,2025-12-01,Utilities [22],Utilities,False,66.6,-2.8,4.1,6.6
2026-01,2026-01-01,Utilities [22],Utilities,False,69.8,3.2,5.2,8.0
2026-02,2026-02-01,Utilities [22],Utilities,False,68.6,-1.2,9.6,16.3
2026-03,2026-03-01,Utilities [22],Utilities,False,70.0,1.4,3.5,5.3
2026-04,2026-04-01,Utilities [22],Utilities,False,68.6,-1.4,0.2,0.3
2021-01,2021-01-01,"Wholesale and retail trade [41, 44-45]",Wholesale and retail trade,False,1021.0,,,
2021-02,2021-02-01,"Wholesale and retail trade [41, 44-45]",Wholesale and retail trade,False,1055.2,34.2,,
2021-03,2021-03-01,"Wholesale and retail trade [41, 44-45]",Wholesale and retail trade,False,1111.3,56.1,,
2021-04,2021-04-01,"Wholesale and retail trade [41, 44-45]",Wholesale and retail trade,False,1071.6,-39.7,,
2021-05,2021-05-01,"Wholesale and retail trade [41, 44-45]",Wholesale and retail trade,False,1034.1,-37.5,,
2021-06,2021-06-01,"Wholesale and retail trade [41, 44-45]",Wholesale and retail trade,False,1089.9,55.8,,
2021-07,2021-07-01,"Wholesale and retail trade [41, 44-45]",Wholesale and retail trade,False,1129.9,40.0,,
2021-08,2021-08-01,"Wholesale and retail trade [41, 44-45]",Wholesale and retail trade,False,1108.3,-21.6,,
2021-09,2021-09-01,"Wholesale and retail trade [41, 44-45]",Wholesale and retail trade,False,1123.7,15.4,,
2021-10,2021-10-01,"Wholesale and retail trade [41, 44-45]",Wholesale and retail trade,False,1154.2,30.5,,
2021-11,2021-11-01,"Wholesale and retail trade [41, 44-45]",Wholesale and retail trade,False,1169.7,15.5,,
2021-12,2021-12-01,"Wholesale and retail trade [41, 44-45]",Wholesale and retail trade,False,1184.1,14.4,,
2022-01,2022-01-01,"Wholesale and retail trade [41, 44-45]",Wholesale and retail trade,False,1158.7,-25.4,137.7,13.5
2022-02,2022-02-01,"Wholesale and retail trade [41, 44-45]",Wholesale and retail trade,False,1167.3,8.6,112.1,10.6
2022-03,2022-03-01,"Wholesale and retail trade [41, 44-45]",Wholesale and retail trade,False,1170.4,3.1,59.1,5.3
2022-04,2022-04-01,"Wholesale and retail trade [41, 44-45]",Wholesale and retail trade,False,1163.4,-7.0,91.8,8.6
2022-05,2022-05-01,"Wholesale and retail trade [41, 44-45]",Wholesale and retail trade,False,1172.5,9.1,138.4,13.4
2022-06,2022-06-01,"Wholesale and retail trade [41, 44-45]",Wholesale and retail trade,False,1168.6,-3.9,78.7,7.2
2022-07,2022-07-01,"Wholesale and retail trade [41, 44-45]",Wholesale and retail trade,False,1160.3,-8.3,30.4,2.7
2022-08,2022-08-01,"Wholesale and retail trade [41, 44-45]",Wholesale and retail trade,False,1148.3,-12.0,40.0,3.6
2022-09,2022-09-01,"Wholesale and retail trade [41, 44-45]",Wholesale and retail trade,False,1142.9,-5.4,19.2,1.7
2022-10,2022-10-01,"Wholesale and retail trade [41, 44-45]",Wholesale and retail trade,False,1129.1,-13.8,-25.1,-2.2
2022-11,2022-11-01,"Wholesale and retail trade [41, 44-45]",Wholesale and retail trade,False,1125.0,-4.1,-44.7,-3.8
2022-12,2022-12-01,"Wholesale and retail trade [41, 44-45]",Wholesale and retail trade,False,1114.4,-10.6,-69.7,-5.9
2023-01,2023-01-01,"Wholesale and retail trade [41, 44-45]",Wholesale and retail trade,False,1129.4,15.0,-29.3,-2.5
2023-02,2023-02-01,"Wholesale and retail trade [41, 44-45]",Wholesale and retail trade,False,1151.1,21.7,-16.2,-1.4
2023-03,2023-03-01,"Wholesale and retail trade [41, 44-45]",Wholesale and retail trade,False,1145.3,-5.8,-25.1,-2.1
2023-04,2023-04-01,"Wholesale and retail trade [41, 44-45]",Wholesale and retail trade,False,1152.1,6.8,-11.3,-1.0
2023-05,2023-05-01,"Wholesale and retail trade [41, 44-45]",Wholesale and retail trade,False,1127.0,-25.1,-45.5,-3.9
2023-06,2023-06-01,"Wholesale and retail trade [41, 44-45]",Wholesale and retail trade,False,1142.3,15.3,-26.3,-2.3
2023-07,2023-07-01,"Wholesale and retail trade [41, 44-45]",Wholesale and retail trade,False,1147.2,4.9,-13.1,-1.1
2023-08,2023-08-01,"Wholesale and retail trade [41, 44-45]",Wholesale and retail trade,False,1158.1,10.9,9.8,0.9
2023-09,2023-09-01,"Wholesale and retail trade [41, 44-45]",Wholesale and retail trade,False,1146.0,-12.1,3.1,0.3
2023-10,2023-10-01,"Wholesale and retail trade [41, 44-45]",Wholesale and retail trade,False,1126.0,-20.0,-3.1,-0.3
2023-11,2023-11-01,"Wholesale and retail trade [41, 44-45]",Wholesale and retail trade,False,1120.4,-5.6,-4.6,-0.4
2023-12,2023-12-01,"Wholesale and retail trade [41, 44-45]",Wholesale and retail trade,False,1119.2,-1.2,4.8,0.4
2024-01,2024-01-01,"Wholesale and retail trade [41, 44-45]",Wholesale and retail trade,False,1137.9,18.7,8.5,0.8
2024-02,2024-02-01,"Wholesale and retail trade [41, 44-45]",Wholesale and retail trade,False,1127.2,-10.7,-23.9,-2.1
2024-03,2024-03-01,"Wholesale and retail trade [41, 44-45]",Wholesale and retail trade,False,1122.6,-4.6,-22.7,-2.0
2024-04,2024-04-01,"Wholesale and retail trade [41, 44-45]",Wholesale and retail trade,False,1133.6,11.0,-18.5,-1.6
2024-05,2024-05-01,"Wholesale and retail trade [41, 44-45]",Wholesale and retail trade,False,1137.3,3.7,10.3,0.9
2024-06,2024-06-01,"Wholesale and retail trade [41, 44-45]",Wholesale and retail trade,False,1123.1,-14.2,-19.2,-1.7
2024-07,2024-07-01,"Wholesale and retail trade [41, 44-45]",Wholesale and retail trade,False,1116.0,-7.1,-31.2,-2.7
2024-08,2024-08-01,"Wholesale and retail trade [41, 44-45]",Wholesale and retail trade,False,1106.5,-9.5,-51.6,-4.5
2024-09,2024-09-01,"Wholesale and retail trade [41, 44-45]",Wholesale and retail trade,False,1120.9,14.4,-25.1,-2.2
2024-10,2024-10-01,"Wholesale and retail trade [41, 44-45]",Wholesale and retail trade,False,1124.8,3.9,-1.2,-0.1
2024-11,2024-11-01,"Wholesale and retail trade [41, 44-45]",Wholesale and retail trade,False,1137.7,12.9,17.3,1.5
2024-12,2024-12-01,"Wholesale and retail trade [41, 44-45]",Wholesale and retail trade,False,1129.6,-8.1,10.4,0.9
2025-01,2025-01-01,"Wholesale and retail trade [41, 44-45]",Wholesale and retail trade,False,1123.8,-5.8,-14.1,-1.2
2025-02,2025-02-01,"Wholesale and retail trade [41, 44-45]",Wholesale and retail trade,False,1147.6,23.8,20.4,1.8
2025-03,2025-03-01,"Wholesale and retail trade [41, 44-45]",Wholesale and retail trade,False,1145.1,-2.5,22.5,2.0
2025-04,2025-04-01,"Wholesale and retail trade [41, 44-45]",Wholesale and retail trade,False,1131.2,-13.9,-2.4,-0.2
2025-05,2025-05-01,"Wholesale and retail trade [41, 44-45]",Wholesale and retail trade,False,1159.2,28.0,21.9,1.9
2025-06,2025-06-01,"Wholesale and retail trade [41, 44-45]",Wholesale and retail trade,False,1165.5,6.3,42.4,3.8
2025-07,2025-07-01,"Wholesale and retail trade [41, 44-45]",Wholesale and retail trade,False,1155.1,-10.4,39.1,3.5
2025-08,2025-08-01,"Wholesale and retail trade [41, 44-45]",Wholesale and retail trade,False,1163.5,8.4,57.0,5.2
2025-09,2025-09-01,"Wholesale and retail trade [41, 44-45]",Wholesale and retail trade,False,1151.4,-12.1,30.5,2.7
2025-10,2025-10-01,"Wholesale and retail trade [41, 44-45]",Wholesale and retail trade,False,1165.8,14.4,41.0,3.6
2025-11,2025-11-01,"Wholesale and retail trade [41, 44-45]",Wholesale and retail trade,False,1146.9,-18.9,9.2,0.8
2025-12,2025-12-01,"Wholesale and retail trade [41, 44-45]",Wholesale and retail trade,False,1149.6,2.7,20.0,1.8
2026-01,2026-01-01,"Wholesale and retail trade [41, 44-45]",Wholesale and retail trade,False,1149.1,-0.5,25.3,2.3
2026-02,2026-02-01,"Wholesale and retail trade [41, 44-45]",Wholesale and retail trade,False,1143.8,-5.3,-3.8,-0.3
2026-03,2026-03-01,"Wholesale and retail trade [41, 44-45]",Wholesale and retail trade,False,1129.4,-14.4,-15.7,-1.4
2026-04,2026-04-01,"Wholesale and retail trade [41, 44-45]",Wholesale and retail trade,False,1130.9,1.5,-0.3,-0.0
