"REF_DATE","GEO","DGUID","Labour force characteristics","Gender","Age group","Statistics","Data type","UOM","UOM_ID","SCALAR_FACTOR","SCALAR_ID","VECTOR","COORDINATE","VALUE","STATUS","SYMBOL","TERMINATED","DECIMALS"
"2021-01","Ontario","2021A000235","Population","Total - Gender","15 years and over","Estimate","Seasonally adjusted","Persons in thousands","428","thousands","3","v2063943","7.1.1.1.1.1","12309.7","","","","1"
"2021-02","Ontario","2021A000235","Population","Total - Gender","15 years and over","Estimate","Seasonally adjusted","Persons in thousands","428","thousands","3","v2063943","7.1.1.1.1.1","12316.9","","","","1"
"2021-03","Ontario","2021A000235","Population","Total - Gender","15 years and over","Estimate","Seasonally adjusted","Persons in thousands","428","thousands","3","v2063943","7.1.1.1.1.1","12321.6","","","","1"
"2021-04","Ontario","2021A000235","Population","Total - Gender","15 years and over","Estimate","Seasonally adjusted","Persons in thousands","428","thousands","3","v2063943","7.1.1.1.1.1","12325.1","","","","1"
"2021-05","Ontario","2021A000235","Population","Total - Gender","15 years and over","Estimate","Seasonally adjusted","Persons in thousands","428","thousands","3","v2063943","7.1.1.1.1.1","12328.1","","","","1"
"2021-06","Ontario","2021A000235","Population","Total - Gender","15 years and over","Estimate","Seasonally adjusted","Persons in thousands","428","thousands","3","v2063943","7.1.1.1.1.1","12339.8","","","","1"
"2021-07","Ontario","2021A000235","Population","Total - Gender","15 years and over","Estimate","Seasonally adjusted","Persons in thousands","428","thousands","3","v2063943","7.1.1.1.1.1","12353.6","","","","1"
"2021-08","Ontario","2021A000235","Population","Total - Gender","15 years and over","Estimate","Seasonally adjusted","Persons in thousands","428","thousands","3","v2063943","7.1.1.1.1.1","12372.1","","","","1"
"2021-09","Ontario","2021A000235","Population","Total - Gender","15 years and over","Estimate","Seasonally adjusted","Persons in thousands","428","thousands","3","v2063943","7.1.1.1.1.1","12388.0","","","","1"
"2021-10","Ontario","2021A000235","Population","Total - Gender","15 years and over","Estimate","Seasonally adjusted","Persons in thousands","428","thousands","3","v2063943","7.1.1.1.1.1","12406.8","","","","1"
"2021-11","Ontario","2021A000235","Population","Total - Gender","15 years and over","Estimate","Seasonally adjusted","Persons in thousands","428","thousands","3","v2063943","7.1.1.1.1.1","12426.7","","","","1"
"2021-12","Ontario","2021A000235","Population","Total - Gender","15 years and over","Estimate","Seasonally adjusted","Persons in thousands","428","thousands","3","v2063943","7.1.1.1.1.1","12446.6","","","","1"
"2022-01","Ontario","2021A000235","Population","Total - Gender","15 years and over","Estimate","Seasonally adjusted","Persons in thousands","428","thousands","3","v2063943","7.1.1.1.1.1","12465.0","","","","1"
"2022-02","Ontario","2021A000235","Population","Total - Gender","15 years and over","Estimate","Seasonally adjusted","Persons in thousands","428","thousands","3","v2063943","7.1.1.1.1.1","12482.4","","","","1"
"2022-03","Ontario","2021A000235","Population","Total - Gender","15 years and over","Estimate","Seasonally adjusted","Persons in thousands","428","thousands","3","v2063943","7.1.1.1.1.1","12497.9","","","","1"
"2022-04","Ontario","2021A000235","Population","Total - Gender","15 years and over","Estimate","Seasonally adjusted","Persons in thousands","428","thousands","3","v2063943","7.1.1.1.1.1","12513.8","","","","1"
"2022-05","Ontario","2021A000235","Population","Total - Gender","15 years and over","Estimate","Seasonally adjusted","Persons in thousands","428","thousands","3","v2063943","7.1.1.1.1.1","12531.4","","","","1"
"2022-06","Ontario","2021A000235","Population","Total - Gender","15 years and over","Estimate","Seasonally adjusted","Persons in thousands","428","thousands","3","v2063943","7.1.1.1.1.1","12549.9","","","","1"
"2022-07","Ontario","2021A000235","Population","Total - Gender","15 years and over","Estimate","Seasonally adjusted","Persons in thousands","428","thousands","3","v2063943","7.1.1.1.1.1","12570.4","","","","1"
"2022-08","Ontario","2021A000235","Population","Total - Gender","15 years and over","Estimate","Seasonally adjusted","Persons in thousands","428","thousands","3","v2063943","7.1.1.1.1.1","12594.4","","","","1"
"2022-09","Ontario","2021A000235","Population","Total - Gender","15 years and over","Estimate","Seasonally adjusted","Persons in thousands","428","thousands","3","v2063943","7.1.1.1.1.1","12617.5","","","","1"
"2022-10","Ontario","2021A000235","Population","Total - Gender","15 years and over","Estimate","Seasonally adjusted","Persons in thousands","428","thousands","3","v2063943","7.1.1.1.1.1","12642.9","","","","1"
"2022-11","Ontario","2021A000235","Population","Total - Gender","15 years and over","Estimate","Seasonally adjusted","Persons in thousands","428","thousands","3","v2063943","7.1.1.1.1.1","12666.6","","","","1"
"2022-12","Ontario","2021A000235","Population","Total - Gender","15 years and over","Estimate","Seasonally adjusted","Persons in thousands","428","thousands","3","v2063943","7.1.1.1.1.1","12688.7","","","","1"
"2023-01","Ontario","2021A000235","Population","Total - Gender","15 years and over","Estimate","Seasonally adjusted","Persons in thousands","428","thousands","3","v2063943","7.1.1.1.1.1","12719.0","","","","1"
"2023-02","Ontario","2021A000235","Population","Total - Gender","15 years and over","Estimate","Seasonally adjusted","Persons in thousands","428","thousands","3","v2063943","7.1.1.1.1.1","12752.8","","","","1"
"2023-03","Ontario","2021A000235","Population","Total - Gender","15 years and over","Estimate","Seasonally adjusted","Persons in thousands","428","thousands","3","v2063943","7.1.1.1.1.1","12787.3","","","","1"
"2023-04","Ontario","2021A000235","Population","Total - Gender","15 years and over","Estimate","Seasonally adjusted","Persons in thousands","428","thousands","3","v2063943","7.1.1.1.1.1","12819.1","","","","1"
"2023-05","Ontario","2021A000235","Population","Total - Gender","15 years and over","Estimate","Seasonally adjusted","Persons in thousands","428","thousands","3","v2063943","7.1.1.1.1.1","12857.2","","","","1"
"2023-06","Ontario","2021A000235","Population","Total - Gender","15 years and over","Estimate","Seasonally adjusted","Persons in thousands","428","thousands","3","v2063943","7.1.1.1.1.1","12898.6","","","","1"
"2023-07","Ontario","2021A000235","Population","Total - Gender","15 years and over","Estimate","Seasonally adjusted","Persons in thousands","428","thousands","3","v2063943","7.1.1.1.1.1","12938.4","","","","1"
"2023-08","Ontario","2021A000235","Population","Total - Gender","15 years and over","Estimate","Seasonally adjusted","Persons in thousands","428","thousands","3","v2063943","7.1.1.1.1.1","12981.3","","","","1"
"2023-09","Ontario","2021A000235","Population","Total - Gender","15 years and over","Estimate","Seasonally adjusted","Persons in thousands","428","thousands","3","v2063943","7.1.1.1.1.1","13019.3","","","","1"
"2023-10","Ontario","2021A000235","Population","Total - Gender","15 years and over","Estimate","Seasonally adjusted","Persons in thousands","428","thousands","3","v2063943","7.1.1.1.1.1","13059.9","","","","1"
"2023-11","Ontario","2021A000235","Population","Total - Gender","15 years and over","Estimate","Seasonally adjusted","Persons in thousands","428","thousands","3","v2063943","7.1.1.1.1.1","13100.3","","","","1"
"2023-12","Ontario","2021A000235","Population","Total - Gender","15 years and over","Estimate","Seasonally adjusted","Persons in thousands","428","thousands","3","v2063943","7.1.1.1.1.1","13142.0","","","","1"
"2024-01","Ontario","2021A000235","Population","Total - Gender","15 years and over","Estimate","Seasonally adjusted","Persons in thousands","428","thousands","3","v2063943","7.1.1.1.1.1","13188.9","","","","1"
"2024-02","Ontario","2021A000235","Population","Total - Gender","15 years and over","Estimate","Seasonally adjusted","Persons in thousands","428","thousands","3","v2063943","7.1.1.1.1.1","13232.4","","","","1"
"2024-03","Ontario","2021A000235","Population","Total - Gender","15 years and over","Estimate","Seasonally adjusted","Persons in thousands","428","thousands","3","v2063943","7.1.1.1.1.1","13273.7","","","","1"
"2024-04","Ontario","2021A000235","Population","Total - Gender","15 years and over","Estimate","Seasonally adjusted","Persons in thousands","428","thousands","3","v2063943","7.1.1.1.1.1","13320.5","","","","1"
"2024-05","Ontario","2021A000235","Population","Total - Gender","15 years and over","Estimate","Seasonally adjusted","Persons in thousands","428","thousands","3","v2063943","7.1.1.1.1.1","13364.3","","","","1"
"2024-06","Ontario","2021A000235","Population","Total - Gender","15 years and over","Estimate","Seasonally adjusted","Persons in thousands","428","thousands","3","v2063943","7.1.1.1.1.1","13404.9","","","","1"
"2024-07","Ontario","2021A000235","Population","Total - Gender","15 years and over","Estimate","Seasonally adjusted","Persons in thousands","428","thousands","3","v2063943","7.1.1.1.1.1","13450.2","","","","1"
"2024-08","Ontario","2021A000235","Population","Total - Gender","15 years and over","Estimate","Seasonally adjusted","Persons in thousands","428","thousands","3","v2063943","7.1.1.1.1.1","13490.0","","","","1"
"2024-09","Ontario","2021A000235","Population","Total - Gender","15 years and over","Estimate","Seasonally adjusted","Persons in thousands","428","thousands","3","v2063943","7.1.1.1.1.1","13526.8","","","","1"
"2024-10","Ontario","2021A000235","Population","Total - Gender","15 years and over","Estimate","Seasonally adjusted","Persons in thousands","428","thousands","3","v2063943","7.1.1.1.1.1","13557.0","","","","1"
"2024-11","Ontario","2021A000235","Population","Total - Gender","15 years and over","Estimate","Seasonally adjusted","Persons in thousands","428","thousands","3","v2063943","7.1.1.1.1.1","13581.4","","","","1"
"2024-12","Ontario","2021A000235","Population","Total - Gender","15 years and over","Estimate","Seasonally adjusted","Persons in thousands","428","thousands","3","v2063943","7.1.1.1.1.1","13605.1","","","","1"
"2025-01","Ontario","2021A000235","Population","Total - Gender","15 years and over","Estimate","Seasonally adjusted","Persons in thousands","428","thousands","3","v2063943","7.1.1.1.1.1","13627.1","","","","1"
"2025-02","Ontario","2021A000235","Population","Total - Gender","15 years and over","Estimate","Seasonally adjusted","Persons in thousands","428","thousands","3","v2063943","7.1.1.1.1.1","13642.9","","","","1"
"2025-03","Ontario","2021A000235","Population","Total - Gender","15 years and over","Estimate","Seasonally adjusted","Persons in thousands","428","thousands","3","v2063943","7.1.1.1.1.1","13662.2","","","","1"
"2025-04","Ontario","2021A000235","Population","Total - Gender","15 years and over","Estimate","Seasonally adjusted","Persons in thousands","428","thousands","3","v2063943","7.1.1.1.1.1","13681.1","","","","1"
"2025-05","Ontario","2021A000235","Population","Total - Gender","15 years and over","Estimate","Seasonally adjusted","Persons in thousands","428","thousands","3","v2063943","7.1.1.1.1.1","13692.6","","","","1"
"2025-06","Ontario","2021A000235","Population","Total - Gender","15 years and over","Estimate","Seasonally adjusted","Persons in thousands","428","thousands","3","v2063943","7.1.1.1.1.1","13705.6","","","","1"
"2025-07","Ontario","2021A000235","Population","Total - Gender","15 years and over","Estimate","Seasonally adjusted","Persons in thousands","428","thousands","3","v2063943","7.1.1.1.1.1","13715.2","","","","1"
"2025-08","Ontario","2021A000235","Population","Total - Gender","15 years and over","Estimate","Seasonally adjusted","Persons in thousands","428","thousands","3","v2063943","7.1.1.1.1.1","13722.8","","","","1"
"2025-09","Ontario","2021A000235","Population","Total - Gender","15 years and over","Estimate","Seasonally adjusted","Persons in thousands","428","thousands","3","v2063943","7.1.1.1.1.1","13732.8","","","","1"
"2025-10","Ontario","2021A000235","Population","Total - Gender","15 years and over","Estimate","Seasonally adjusted","Persons in thousands","428","thousands","3","v2063943","7.1.1.1.1.1","13741.8","","","","1"
"2025-11","Ontario","2021A000235","Population","Total - Gender","15 years and over","Estimate","Seasonally adjusted","Persons in thousands","428","thousands","3","v2063943","7.1.1.1.1.1","13748.5","","","","1"
"2025-12","Ontario","2021A000235","Population","Total - Gender","15 years and over","Estimate","Seasonally adjusted","Persons in thousands","428","thousands","3","v2063943","7.1.1.1.1.1","13751.5","","","","1"
"2026-01","Ontario","2021A000235","Population","Total - Gender","15 years and over","Estimate","Seasonally adjusted","Persons in thousands","428","thousands","3","v2063943","7.1.1.1.1.1","13751.2","","","","1"
"2026-02","Ontario","2021A000235","Population","Total - Gender","15 years and over","Estimate","Seasonally adjusted","Persons in thousands","428","thousands","3","v2063943","7.1.1.1.1.1","13754.3","","","","1"
"2026-03","Ontario","2021A000235","Population","Total - Gender","15 years and over","Estimate","Seasonally adjusted","Persons in thousands","428","thousands","3","v2063943","7.1.1.1.1.1","13758.5","","","","1"
"2026-04","Ontario","2021A000235","Population","Total - Gender","15 years and over","Estimate","Seasonally adjusted","Persons in thousands","428","thousands","3","v2063943","7.1.1.1.1.1","13760.8","","","","1"
"2021-01","Ontario","2021A000235","Labour force","Total - Gender","15 years and over","Estimate","Seasonally adjusted","Persons in thousands","428","thousands","3","v2063944","7.2.1.1.1.1","7918.3","","","","1"
"2021-02","Ontario","2021A000235","Labour force","Total - Gender","15 years and over","Estimate","Seasonally adjusted","Persons in thousands","428","thousands","3","v2063944","7.2.1.1.1.1","7984.9","","","","1"
"2021-03","Ontario","2021A000235","Labour force","Total - Gender","15 years and over","Estimate","Seasonally adjusted","Persons in thousands","428","thousands","3","v2063944","7.2.1.1.1.1","7995.3","","","","1"
"2021-04","Ontario","2021A000235","Labour force","Total - Gender","15 years and over","Estimate","Seasonally adjusted","Persons in thousands","428","thousands","3","v2063944","7.2.1.1.1.1","7976.3","","","","1"
"2021-05","Ontario","2021A000235","Labour force","Total - Gender","15 years and over","Estimate","Seasonally adjusted","Persons in thousands","428","thousands","3","v2063944","7.2.1.1.1.1","7945.6","","","","1"
"2021-06","Ontario","2021A000235","Labour force","Total - Gender","15 years and over","Estimate","Seasonally adjusted","Persons in thousands","428","thousands","3","v2063944","7.2.1.1.1.1","8030.1","","","","1"
"2021-07","Ontario","2021A000235","Labour force","Total - Gender","15 years and over","Estimate","Seasonally adjusted","Persons in thousands","428","thousands","3","v2063944","7.2.1.1.1.1","8070.1","","","","1"
"2021-08","Ontario","2021A000235","Labour force","Total - Gender","15 years and over","Estimate","Seasonally adjusted","Persons in thousands","428","thousands","3","v2063944","7.2.1.1.1.1","8083.6","","","","1"
"2021-09","Ontario","2021A000235","Labour force","Total - Gender","15 years and over","Estimate","Seasonally adjusted","Persons in thousands","428","thousands","3","v2063944","7.2.1.1.1.1","8160.1","","","","1"
"2021-10","Ontario","2021A000235","Labour force","Total - Gender","15 years and over","Estimate","Seasonally adjusted","Persons in thousands","428","thousands","3","v2063944","7.2.1.1.1.1","8145.7","","","","1"
"2021-11","Ontario","2021A000235","Labour force","Total - Gender","15 years and over","Estimate","Seasonally adjusted","Persons in thousands","428","thousands","3","v2063944","7.2.1.1.1.1","8191.9","","","","1"
"2021-12","Ontario","2021A000235","Labour force","Total - Gender","15 years and over","Estimate","Seasonally adjusted","Persons in thousands","428","thousands","3","v2063944","7.2.1.1.1.1","8235.2","","","","1"
"2022-01","Ontario","2021A000235","Labour force","Total - Gender","15 years and over","Estimate","Seasonally adjusted","Persons in thousands","428","thousands","3","v2063944","7.2.1.1.1.1","8153.2","","","","1"
"2022-02","Ontario","2021A000235","Labour force","Total - Gender","15 years and over","Estimate","Seasonally adjusted","Persons in thousands","428","thousands","3","v2063944","7.2.1.1.1.1","8201.6","","","","1"
"2022-03","Ontario","2021A000235","Labour force","Total - Gender","15 years and over","Estimate","Seasonally adjusted","Persons in thousands","428","thousands","3","v2063944","7.2.1.1.1.1","8198.6","","","","1"
"2022-04","Ontario","2021A000235","Labour force","Total - Gender","15 years and over","Estimate","Seasonally adjusted","Persons in thousands","428","thousands","3","v2063944","7.2.1.1.1.1","8243.0","","","","1"
"2022-05","Ontario","2021A000235","Labour force","Total - Gender","15 years and over","Estimate","Seasonally adjusted","Persons in thousands","428","thousands","3","v2063944","7.2.1.1.1.1","8235.1","","","","1"
"2022-06","Ontario","2021A000235","Labour force","Total - Gender","15 years and over","Estimate","Seasonally adjusted","Persons in thousands","428","thousands","3","v2063944","7.2.1.1.1.1","8194.4","","","","1"
"2022-07","Ontario","2021A000235","Labour force","Total - Gender","15 years and over","Estimate","Seasonally adjusted","Persons in thousands","428","thousands","3","v2063944","7.2.1.1.1.1","8204.9","","","","1"
"2022-08","Ontario","2021A000235","Labour force","Total - Gender","15 years and over","Estimate","Seasonally adjusted","Persons in thousands","428","thousands","3","v2063944","7.2.1.1.1.1","8216.5","","","","1"
"2022-09","Ontario","2021A000235","Labour force","Total - Gender","15 years and over","Estimate","Seasonally adjusted","Persons in thousands","428","thousands","3","v2063944","7.2.1.1.1.1","8199.3","","","","1"
"2022-10","Ontario","2021A000235","Labour force","Total - Gender","15 years and over","Estimate","Seasonally adjusted","Persons in thousands","428","thousands","3","v2063944","7.2.1.1.1.1","8255.8","","","","1"
"2022-11","Ontario","2021A000235","Labour force","Total - Gender","15 years and over","Estimate","Seasonally adjusted","Persons in thousands","428","thousands","3","v2063944","7.2.1.1.1.1","8280.7","","","","1"
"2022-12","Ontario","2021A000235","Labour force","Total - Gender","15 years and over","Estimate","Seasonally adjusted","Persons in thousands","428","thousands","3","v2063944","7.2.1.1.1.1","8303.1","","","","1"
"2023-01","Ontario","2021A000235","Labour force","Total - Gender","15 years and over","Estimate","Seasonally adjusted","Persons in thousands","428","thousands","3","v2063944","7.2.1.1.1.1","8340.4","","","","1"
"2023-02","Ontario","2021A000235","Labour force","Total - Gender","15 years and over","Estimate","Seasonally adjusted","Persons in thousands","428","thousands","3","v2063944","7.2.1.1.1.1","8363.5","","","","1"
"2023-03","Ontario","2021A000235","Labour force","Total - Gender","15 years and over","Estimate","Seasonally adjusted","Persons in thousands","428","thousands","3","v2063944","7.2.1.1.1.1","8404.0","","","","1"
"2023-04","Ontario","2021A000235","Labour force","Total - Gender","15 years and over","Estimate","Seasonally adjusted","Persons in thousands","428","thousands","3","v2063944","7.2.1.1.1.1","8414.4","","","","1"
"2023-05","Ontario","2021A000235","Labour force","Total - Gender","15 years and over","Estimate","Seasonally adjusted","Persons in thousands","428","thousands","3","v2063944","7.2.1.1.1.1","8446.3","","","","1"
"2023-06","Ontario","2021A000235","Labour force","Total - Gender","15 years and over","Estimate","Seasonally adjusted","Persons in thousands","428","thousands","3","v2063944","7.2.1.1.1.1","8507.2","","","","1"
"2023-07","Ontario","2021A000235","Labour force","Total - Gender","15 years and over","Estimate","Seasonally adjusted","Persons in thousands","428","thousands","3","v2063944","7.2.1.1.1.1","8513.8","","","","1"
"2023-08","Ontario","2021A000235","Labour force","Total - Gender","15 years and over","Estimate","Seasonally adjusted","Persons in thousands","428","thousands","3","v2063944","7.2.1.1.1.1","8544.1","","","","1"
"2023-09","Ontario","2021A000235","Labour force","Total - Gender","15 years and over","Estimate","Seasonally adjusted","Persons in thousands","428","thousands","3","v2063944","7.2.1.1.1.1","8564.5","","","","1"
"2023-10","Ontario","2021A000235","Labour force","Total - Gender","15 years and over","Estimate","Seasonally adjusted","Persons in thousands","428","thousands","3","v2063944","7.2.1.1.1.1","8584.3","","","","1"
"2023-11","Ontario","2021A000235","Labour force","Total - Gender","15 years and over","Estimate","Seasonally adjusted","Persons in thousands","428","thousands","3","v2063944","7.2.1.1.1.1","8586.5","","","","1"
"2023-12","Ontario","2021A000235","Labour force","Total - Gender","15 years and over","Estimate","Seasonally adjusted","Persons in thousands","428","thousands","3","v2063944","7.2.1.1.1.1","8571.7","","","","1"
"2024-01","Ontario","2021A000235","Labour force","Total - Gender","15 years and over","Estimate","Seasonally adjusted","Persons in thousands","428","thousands","3","v2063944","7.2.1.1.1.1","8574.8","","","","1"
"2024-02","Ontario","2021A000235","Labour force","Total - Gender","15 years and over","Estimate","Seasonally adjusted","Persons in thousands","428","thousands","3","v2063944","7.2.1.1.1.1","8625.0","","","","1"
"2024-03","Ontario","2021A000235","Labour force","Total - Gender","15 years and over","Estimate","Seasonally adjusted","Persons in thousands","428","thousands","3","v2063944","7.2.1.1.1.1","8680.4","","","","1"
"2024-04","Ontario","2021A000235","Labour force","Total - Gender","15 years and over","Estimate","Seasonally adjusted","Persons in thousands","428","thousands","3","v2063944","7.2.1.1.1.1","8701.5","","","","1"
"2024-05","Ontario","2021A000235","Labour force","Total - Gender","15 years and over","Estimate","Seasonally adjusted","Persons in thousands","428","thousands","3","v2063944","7.2.1.1.1.1","8741.5","","","","1"
"2024-06","Ontario","2021A000235","Labour force","Total - Gender","15 years and over","Estimate","Seasonally adjusted","Persons in thousands","428","thousands","3","v2063944","7.2.1.1.1.1","8769.2","","","","1"
"2024-07","Ontario","2021A000235","Labour force","Total - Gender","15 years and over","Estimate","Seasonally adjusted","Persons in thousands","428","thousands","3","v2063944","7.2.1.1.1.1","8775.7","","","","1"
"2024-08","Ontario","2021A000235","Labour force","Total - Gender","15 years and over","Estimate","Seasonally adjusted","Persons in thousands","428","thousands","3","v2063944","7.2.1.1.1.1","8806.4","","","","1"
"2024-09","Ontario","2021A000235","Labour force","Total - Gender","15 years and over","Estimate","Seasonally adjusted","Persons in thousands","428","thousands","3","v2063944","7.2.1.1.1.1","8818.0","","","","1"
"2024-10","Ontario","2021A000235","Labour force","Total - Gender","15 years and over","Estimate","Seasonally adjusted","Persons in thousands","428","thousands","3","v2063944","7.2.1.1.1.1","8804.0","","","","1"
"2024-11","Ontario","2021A000235","Labour force","Total - Gender","15 years and over","Estimate","Seasonally adjusted","Persons in thousands","428","thousands","3","v2063944","7.2.1.1.1.1","8866.0","","","","1"
"2024-12","Ontario","2021A000235","Labour force","Total - Gender","15 years and over","Estimate","Seasonally adjusted","Persons in thousands","428","thousands","3","v2063944","7.2.1.1.1.1","8876.4","","","","1"
"2025-01","Ontario","2021A000235","Labour force","Total - Gender","15 years and over","Estimate","Seasonally adjusted","Persons in thousands","428","thousands","3","v2063944","7.2.1.1.1.1","8908.2","","","","1"
"2025-02","Ontario","2021A000235","Labour force","Total - Gender","15 years and over","Estimate","Seasonally adjusted","Persons in thousands","428","thousands","3","v2063944","7.2.1.1.1.1","8901.8","","","","1"
"2025-03","Ontario","2021A000235","Labour force","Total - Gender","15 years and over","Estimate","Seasonally adjusted","Persons in thousands","428","thousands","3","v2063944","7.2.1.1.1.1","8891.6","","","","1"
"2025-04","Ontario","2021A000235","Labour force","Total - Gender","15 years and over","Estimate","Seasonally adjusted","Persons in thousands","428","thousands","3","v2063944","7.2.1.1.1.1","8884.1","","","","1"
"2025-05","Ontario","2021A000235","Labour force","Total - Gender","15 years and over","Estimate","Seasonally adjusted","Persons in thousands","428","thousands","3","v2063944","7.2.1.1.1.1","8900.2","","","","1"
"2025-06","Ontario","2021A000235","Labour force","Total - Gender","15 years and over","Estimate","Seasonally adjusted","Persons in thousands","428","thousands","3","v2063944","7.2.1.1.1.1","8899.2","","","","1"
"2025-07","Ontario","2021A000235","Labour force","Total - Gender","15 years and over","Estimate","Seasonally adjusted","Persons in thousands","428","thousands","3","v2063944","7.2.1.1.1.1","8912.7","","","","1"
"2025-08","Ontario","2021A000235","Labour force","Total - Gender","15 years and over","Estimate","Seasonally adjusted","Persons in thousands","428","thousands","3","v2063944","7.2.1.1.1.1","8876.1","","","","1"
"2025-09","Ontario","2021A000235","Labour force","Total - Gender","15 years and over","Estimate","Seasonally adjusted","Persons in thousands","428","thousands","3","v2063944","7.2.1.1.1.1","8903.0","","","","1"
"2025-10","Ontario","2021A000235","Labour force","Total - Gender","15 years and over","Estimate","Seasonally adjusted","Persons in thousands","428","thousands","3","v2063944","7.2.1.1.1.1","8928.3","","","","1"
"2025-11","Ontario","2021A000235","Labour force","Total - Gender","15 years and over","Estimate","Seasonally adjusted","Persons in thousands","428","thousands","3","v2063944","7.2.1.1.1.1","8914.5","","","","1"
"2025-12","Ontario","2021A000235","Labour force","Total - Gender","15 years and over","Estimate","Seasonally adjusted","Persons in thousands","428","thousands","3","v2063944","7.2.1.1.1.1","8988.9","","","","1"
"2026-01","Ontario","2021A000235","Labour force","Total - Gender","15 years and over","Estimate","Seasonally adjusted","Persons in thousands","428","thousands","3","v2063944","7.2.1.1.1.1","8852.6","","","","1"
"2026-02","Ontario","2021A000235","Labour force","Total - Gender","15 years and over","Estimate","Seasonally adjusted","Persons in thousands","428","thousands","3","v2063944","7.2.1.1.1.1","8883.7","","","","1"
"2026-03","Ontario","2021A000235","Labour force","Total - Gender","15 years and over","Estimate","Seasonally adjusted","Persons in thousands","428","thousands","3","v2063944","7.2.1.1.1.1","8881.5","","","","1"
"2026-04","Ontario","2021A000235","Labour force","Total - Gender","15 years and over","Estimate","Seasonally adjusted","Persons in thousands","428","thousands","3","v2063944","7.2.1.1.1.1","8920.8","","","","1"
"2021-01","Ontario","2021A000235","Employment","Total - Gender","15 years and over","Estimate","Seasonally adjusted","Persons in thousands","428","thousands","3","v2063945","7.3.1.1.1.1","7112.7","","","","1"
"2021-02","Ontario","2021A000235","Employment","Total - Gender","15 years and over","Estimate","Seasonally adjusted","Persons in thousands","428","thousands","3","v2063945","7.3.1.1.1.1","7227.6","","","","1"
"2021-03","Ontario","2021A000235","Employment","Total - Gender","15 years and over","Estimate","Seasonally adjusted","Persons in thousands","428","thousands","3","v2063945","7.3.1.1.1.1","7371.8","","","","1"
"2021-04","Ontario","2021A000235","Employment","Total - Gender","15 years and over","Estimate","Seasonally adjusted","Persons in thousands","428","thousands","3","v2063945","7.3.1.1.1.1","7228.9","","","","1"
"2021-05","Ontario","2021A000235","Employment","Total - Gender","15 years and over","Estimate","Seasonally adjusted","Persons in thousands","428","thousands","3","v2063945","7.3.1.1.1.1","7196.4","","","","1"
"2021-06","Ontario","2021A000235","Employment","Total - Gender","15 years and over","Estimate","Seasonally adjusted","Persons in thousands","428","thousands","3","v2063945","7.3.1.1.1.1","7324.7","","","","1"
"2021-07","Ontario","2021A000235","Employment","Total - Gender","15 years and over","Estimate","Seasonally adjusted","Persons in thousands","428","thousands","3","v2063945","7.3.1.1.1.1","7429.9","","","","1"
"2021-08","Ontario","2021A000235","Employment","Total - Gender","15 years and over","Estimate","Seasonally adjusted","Persons in thousands","428","thousands","3","v2063945","7.3.1.1.1.1","7463.1","","","","1"
"2021-09","Ontario","2021A000235","Employment","Total - Gender","15 years and over","Estimate","Seasonally adjusted","Persons in thousands","428","thousands","3","v2063945","7.3.1.1.1.1","7553.1","","","","1"
"2021-10","Ontario","2021A000235","Employment","Total - Gender","15 years and over","Estimate","Seasonally adjusted","Persons in thousands","428","thousands","3","v2063945","7.3.1.1.1.1","7596.9","","","","1"
"2021-11","Ontario","2021A000235","Employment","Total - Gender","15 years and over","Estimate","Seasonally adjusted","Persons in thousands","428","thousands","3","v2063945","7.3.1.1.1.1","7662.2","","","","1"
"2021-12","Ontario","2021A000235","Employment","Total - Gender","15 years and over","Estimate","Seasonally adjusted","Persons in thousands","428","thousands","3","v2063945","7.3.1.1.1.1","7716.4","","","","1"
"2022-01","Ontario","2021A000235","Employment","Total - Gender","15 years and over","Estimate","Seasonally adjusted","Persons in thousands","428","thousands","3","v2063945","7.3.1.1.1.1","7552.3","","","","1"
"2022-02","Ontario","2021A000235","Employment","Total - Gender","15 years and over","Estimate","Seasonally adjusted","Persons in thousands","428","thousands","3","v2063945","7.3.1.1.1.1","7737.9","","","","1"
"2022-03","Ontario","2021A000235","Employment","Total - Gender","15 years and over","Estimate","Seasonally adjusted","Persons in thousands","428","thousands","3","v2063945","7.3.1.1.1.1","7753.1","","","","1"
"2022-04","Ontario","2021A000235","Employment","Total - Gender","15 years and over","Estimate","Seasonally adjusted","Persons in thousands","428","thousands","3","v2063945","7.3.1.1.1.1","7784.2","","","","1"
"2022-05","Ontario","2021A000235","Employment","Total - Gender","15 years and over","Estimate","Seasonally adjusted","Persons in thousands","428","thousands","3","v2063945","7.3.1.1.1.1","7791.0","","","","1"
"2022-06","Ontario","2021A000235","Employment","Total - Gender","15 years and over","Estimate","Seasonally adjusted","Persons in thousands","428","thousands","3","v2063945","7.3.1.1.1.1","7773.1","","","","1"
"2022-07","Ontario","2021A000235","Employment","Total - Gender","15 years and over","Estimate","Seasonally adjusted","Persons in thousands","428","thousands","3","v2063945","7.3.1.1.1.1","7788.2","","","","1"
"2022-08","Ontario","2021A000235","Employment","Total - Gender","15 years and over","Estimate","Seasonally adjusted","Persons in thousands","428","thousands","3","v2063945","7.3.1.1.1.1","7772.8","","","","1"
"2022-09","Ontario","2021A000235","Employment","Total - Gender","15 years and over","Estimate","Seasonally adjusted","Persons in thousands","428","thousands","3","v2063945","7.3.1.1.1.1","7751.2","","","","1"
"2022-10","Ontario","2021A000235","Employment","Total - Gender","15 years and over","Estimate","Seasonally adjusted","Persons in thousands","428","thousands","3","v2063945","7.3.1.1.1.1","7804.3","","","","1"
"2022-11","Ontario","2021A000235","Employment","Total - Gender","15 years and over","Estimate","Seasonally adjusted","Persons in thousands","428","thousands","3","v2063945","7.3.1.1.1.1","7819.5","","","","1"
"2022-12","Ontario","2021A000235","Employment","Total - Gender","15 years and over","Estimate","Seasonally adjusted","Persons in thousands","428","thousands","3","v2063945","7.3.1.1.1.1","7864.0","","","","1"
"2023-01","Ontario","2021A000235","Employment","Total - Gender","15 years and over","Estimate","Seasonally adjusted","Persons in thousands","428","thousands","3","v2063945","7.3.1.1.1.1","7900.4","","","","1"
"2023-02","Ontario","2021A000235","Employment","Total - Gender","15 years and over","Estimate","Seasonally adjusted","Persons in thousands","428","thousands","3","v2063945","7.3.1.1.1.1","7932.1","","","","1"
"2023-03","Ontario","2021A000235","Employment","Total - Gender","15 years and over","Estimate","Seasonally adjusted","Persons in thousands","428","thousands","3","v2063945","7.3.1.1.1.1","7961.7","","","","1"
"2023-04","Ontario","2021A000235","Employment","Total - Gender","15 years and over","Estimate","Seasonally adjusted","Persons in thousands","428","thousands","3","v2063945","7.3.1.1.1.1","7992.2","","","","1"
"2023-05","Ontario","2021A000235","Employment","Total - Gender","15 years and over","Estimate","Seasonally adjusted","Persons in thousands","428","thousands","3","v2063945","7.3.1.1.1.1","7981.3","","","","1"
"2023-06","Ontario","2021A000235","Employment","Total - Gender","15 years and over","Estimate","Seasonally adjusted","Persons in thousands","428","thousands","3","v2063945","7.3.1.1.1.1","8029.9","","","","1"
"2023-07","Ontario","2021A000235","Employment","Total - Gender","15 years and over","Estimate","Seasonally adjusted","Persons in thousands","428","thousands","3","v2063945","7.3.1.1.1.1","8037.7","","","","1"
"2023-08","Ontario","2021A000235","Employment","Total - Gender","15 years and over","Estimate","Seasonally adjusted","Persons in thousands","428","thousands","3","v2063945","7.3.1.1.1.1","8052.4","","","","1"
"2023-09","Ontario","2021A000235","Employment","Total - Gender","15 years and over","Estimate","Seasonally adjusted","Persons in thousands","428","thousands","3","v2063945","7.3.1.1.1.1","8067.1","","","","1"
"2023-10","Ontario","2021A000235","Employment","Total - Gender","15 years and over","Estimate","Seasonally adjusted","Persons in thousands","428","thousands","3","v2063945","7.3.1.1.1.1","8055.4","","","","1"
"2023-11","Ontario","2021A000235","Employment","Total - Gender","15 years and over","Estimate","Seasonally adjusted","Persons in thousands","428","thousands","3","v2063945","7.3.1.1.1.1","8063.9","","","","1"
"2023-12","Ontario","2021A000235","Employment","Total - Gender","15 years and over","Estimate","Seasonally adjusted","Persons in thousands","428","thousands","3","v2063945","7.3.1.1.1.1","8038.2","","","","1"
"2024-01","Ontario","2021A000235","Employment","Total - Gender","15 years and over","Estimate","Seasonally adjusted","Persons in thousands","428","thousands","3","v2063945","7.3.1.1.1.1","8051.0","","","","1"
"2024-02","Ontario","2021A000235","Employment","Total - Gender","15 years and over","Estimate","Seasonally adjusted","Persons in thousands","428","thousands","3","v2063945","7.3.1.1.1.1","8054.6","","","","1"
"2024-03","Ontario","2021A000235","Employment","Total - Gender","15 years and over","Estimate","Seasonally adjusted","Persons in thousands","428","thousands","3","v2063945","7.3.1.1.1.1","8092.5","","","","1"
"2024-04","Ontario","2021A000235","Employment","Total - Gender","15 years and over","Estimate","Seasonally adjusted","Persons in thousands","428","thousands","3","v2063945","7.3.1.1.1.1","8114.1","","","","1"
"2024-05","Ontario","2021A000235","Employment","Total - Gender","15 years and over","Estimate","Seasonally adjusted","Persons in thousands","428","thousands","3","v2063945","7.3.1.1.1.1","8152.5","","","","1"
"2024-06","Ontario","2021A000235","Employment","Total - Gender","15 years and over","Estimate","Seasonally adjusted","Persons in thousands","428","thousands","3","v2063945","7.3.1.1.1.1","8155.4","","","","1"
"2024-07","Ontario","2021A000235","Employment","Total - Gender","15 years and over","Estimate","Seasonally adjusted","Persons in thousands","428","thousands","3","v2063945","7.3.1.1.1.1","8175.1","","","","1"
"2024-08","Ontario","2021A000235","Employment","Total - Gender","15 years and over","Estimate","Seasonally adjusted","Persons in thousands","428","thousands","3","v2063945","7.3.1.1.1.1","8170.3","","","","1"
"2024-09","Ontario","2021A000235","Employment","Total - Gender","15 years and over","Estimate","Seasonally adjusted","Persons in thousands","428","thousands","3","v2063945","7.3.1.1.1.1","8203.1","","","","1"
"2024-10","Ontario","2021A000235","Employment","Total - Gender","15 years and over","Estimate","Seasonally adjusted","Persons in thousands","428","thousands","3","v2063945","7.3.1.1.1.1","8180.2","","","","1"
"2024-11","Ontario","2021A000235","Employment","Total - Gender","15 years and over","Estimate","Seasonally adjusted","Persons in thousands","428","thousands","3","v2063945","7.3.1.1.1.1","8172.9","","","","1"
"2024-12","Ontario","2021A000235","Employment","Total - Gender","15 years and over","Estimate","Seasonally adjusted","Persons in thousands","428","thousands","3","v2063945","7.3.1.1.1.1","8210.0","","","","1"
"2025-01","Ontario","2021A000235","Employment","Total - Gender","15 years and over","Estimate","Seasonally adjusted","Persons in thousands","428","thousands","3","v2063945","7.3.1.1.1.1","8234.2","","","","1"
"2025-02","Ontario","2021A000235","Employment","Total - Gender","15 years and over","Estimate","Seasonally adjusted","Persons in thousands","428","thousands","3","v2063945","7.3.1.1.1.1","8245.7","","","","1"
"2025-03","Ontario","2021A000235","Employment","Total - Gender","15 years and over","Estimate","Seasonally adjusted","Persons in thousands","428","thousands","3","v2063945","7.3.1.1.1.1","8221.6","","","","1"
"2025-04","Ontario","2021A000235","Employment","Total - Gender","15 years and over","Estimate","Seasonally adjusted","Persons in thousands","428","thousands","3","v2063945","7.3.1.1.1.1","8193.6","","","","1"
"2025-05","Ontario","2021A000235","Employment","Total - Gender","15 years and over","Estimate","Seasonally adjusted","Persons in thousands","428","thousands","3","v2063945","7.3.1.1.1.1","8198.1","","","","1"
"2025-06","Ontario","2021A000235","Employment","Total - Gender","15 years and over","Estimate","Seasonally adjusted","Persons in thousands","428","thousands","3","v2063945","7.3.1.1.1.1","8208.3","","","","1"
"2025-07","Ontario","2021A000235","Employment","Total - Gender","15 years and over","Estimate","Seasonally adjusted","Persons in thousands","428","thousands","3","v2063945","7.3.1.1.1.1","8216.3","","","","1"
"2025-08","Ontario","2021A000235","Employment","Total - Gender","15 years and over","Estimate","Seasonally adjusted","Persons in thousands","428","thousands","3","v2063945","7.3.1.1.1.1","8190.3","","","","1"
"2025-09","Ontario","2021A000235","Employment","Total - Gender","15 years and over","Estimate","Seasonally adjusted","Persons in thousands","428","thousands","3","v2063945","7.3.1.1.1.1","8200.2","","","","1"
"2025-10","Ontario","2021A000235","Employment","Total - Gender","15 years and over","Estimate","Seasonally adjusted","Persons in thousands","428","thousands","3","v2063945","7.3.1.1.1.1","8252.5","","","","1"
"2025-11","Ontario","2021A000235","Employment","Total - Gender","15 years and over","Estimate","Seasonally adjusted","Persons in thousands","428","thousands","3","v2063945","7.3.1.1.1.1","8256.4","","","","1"
"2025-12","Ontario","2021A000235","Employment","Total - Gender","15 years and over","Estimate","Seasonally adjusted","Persons in thousands","428","thousands","3","v2063945","7.3.1.1.1.1","8274.5","","","","1"
"2026-01","Ontario","2021A000235","Employment","Total - Gender","15 years and over","Estimate","Seasonally adjusted","Persons in thousands","428","thousands","3","v2063945","7.3.1.1.1.1","8208.0","","","","1"
"2026-02","Ontario","2021A000235","Employment","Total - Gender","15 years and over","Estimate","Seasonally adjusted","Persons in thousands","428","thousands","3","v2063945","7.3.1.1.1.1","8211.3","","","","1"
"2026-03","Ontario","2021A000235","Employment","Total - Gender","15 years and over","Estimate","Seasonally adjusted","Persons in thousands","428","thousands","3","v2063945","7.3.1.1.1.1","8205.5","","","","1"
"2026-04","Ontario","2021A000235","Employment","Total - Gender","15 years and over","Estimate","Seasonally adjusted","Persons in thousands","428","thousands","3","v2063945","7.3.1.1.1.1","8247.9","","","","1"
"2021-01","Ontario","2021A000235","Employment","Total - Gender","15 years and over","Estimate","Trend-cycle","Persons in thousands","428","thousands","3","v123339363","7.3.1.1.1.3","7249.4","","","","1"
"2021-02","Ontario","2021A000235","Employment","Total - Gender","15 years and over","Estimate","Trend-cycle","Persons in thousands","428","thousands","3","v123339363","7.3.1.1.1.3","7246.1","","","","1"
"2021-03","Ontario","2021A000235","Employment","Total - Gender","15 years and over","Estimate","Trend-cycle","Persons in thousands","428","thousands","3","v123339363","7.3.1.1.1.3","7248.5","","","","1"
"2021-04","Ontario","2021A000235","Employment","Total - Gender","15 years and over","Estimate","Trend-cycle","Persons in thousands","428","thousands","3","v123339363","7.3.1.1.1.3","7263.2","","","","1"
"2021-05","Ontario","2021A000235","Employment","Total - Gender","15 years and over","Estimate","Trend-cycle","Persons in thousands","428","thousands","3","v123339363","7.3.1.1.1.3","7291.8","","","","1"
"2021-06","Ontario","2021A000235","Employment","Total - Gender","15 years and over","Estimate","Trend-cycle","Persons in thousands","428","thousands","3","v123339363","7.3.1.1.1.3","7339.6","","","","1"
"2021-07","Ontario","2021A000235","Employment","Total - Gender","15 years and over","Estimate","Trend-cycle","Persons in thousands","428","thousands","3","v123339363","7.3.1.1.1.3","7409.2","","","","1"
"2021-08","Ontario","2021A000235","Employment","Total - Gender","15 years and over","Estimate","Trend-cycle","Persons in thousands","428","thousands","3","v123339363","7.3.1.1.1.3","7468.2","","","","1"
"2021-09","Ontario","2021A000235","Employment","Total - Gender","15 years and over","Estimate","Trend-cycle","Persons in thousands","428","thousands","3","v123339363","7.3.1.1.1.3","7527.5","","","","1"
"2021-10","Ontario","2021A000235","Employment","Total - Gender","15 years and over","Estimate","Trend-cycle","Persons in thousands","428","thousands","3","v123339363","7.3.1.1.1.3","7587.3","","","","1"
"2021-11","Ontario","2021A000235","Employment","Total - Gender","15 years and over","Estimate","Trend-cycle","Persons in thousands","428","thousands","3","v123339363","7.3.1.1.1.3","7628.3","","","","1"
"2021-12","Ontario","2021A000235","Employment","Total - Gender","15 years and over","Estimate","Trend-cycle","Persons in thousands","428","thousands","3","v123339363","7.3.1.1.1.3","7658.3","","","","1"
"2022-01","Ontario","2021A000235","Employment","Total - Gender","15 years and over","Estimate","Trend-cycle","Persons in thousands","428","thousands","3","v123339363","7.3.1.1.1.3","7682.3","","","","1"
"2022-02","Ontario","2021A000235","Employment","Total - Gender","15 years and over","Estimate","Trend-cycle","Persons in thousands","428","thousands","3","v123339363","7.3.1.1.1.3","7711.9","","","","1"
"2022-03","Ontario","2021A000235","Employment","Total - Gender","15 years and over","Estimate","Trend-cycle","Persons in thousands","428","thousands","3","v123339363","7.3.1.1.1.3","7737.5","","","","1"
"2022-04","Ontario","2021A000235","Employment","Total - Gender","15 years and over","Estimate","Trend-cycle","Persons in thousands","428","thousands","3","v123339363","7.3.1.1.1.3","7759.7","","","","1"
"2022-05","Ontario","2021A000235","Employment","Total - Gender","15 years and over","Estimate","Trend-cycle","Persons in thousands","428","thousands","3","v123339363","7.3.1.1.1.3","7770.5","","","","1"
"2022-06","Ontario","2021A000235","Employment","Total - Gender","15 years and over","Estimate","Trend-cycle","Persons in thousands","428","thousands","3","v123339363","7.3.1.1.1.3","7778.1","","","","1"
"2022-07","Ontario","2021A000235","Employment","Total - Gender","15 years and over","Estimate","Trend-cycle","Persons in thousands","428","thousands","3","v123339363","7.3.1.1.1.3","7781.7","","","","1"
"2022-08","Ontario","2021A000235","Employment","Total - Gender","15 years and over","Estimate","Trend-cycle","Persons in thousands","428","thousands","3","v123339363","7.3.1.1.1.3","7779.4","","","","1"
"2022-09","Ontario","2021A000235","Employment","Total - Gender","15 years and over","Estimate","Trend-cycle","Persons in thousands","428","thousands","3","v123339363","7.3.1.1.1.3","7787.2","","","","1"
"2022-10","Ontario","2021A000235","Employment","Total - Gender","15 years and over","Estimate","Trend-cycle","Persons in thousands","428","thousands","3","v123339363","7.3.1.1.1.3","7803.8","","","","1"
"2022-11","Ontario","2021A000235","Employment","Total - Gender","15 years and over","Estimate","Trend-cycle","Persons in thousands","428","thousands","3","v123339363","7.3.1.1.1.3","7830.1","","","","1"
"2022-12","Ontario","2021A000235","Employment","Total - Gender","15 years and over","Estimate","Trend-cycle","Persons in thousands","428","thousands","3","v123339363","7.3.1.1.1.3","7861.4","","","","1"
"2023-01","Ontario","2021A000235","Employment","Total - Gender","15 years and over","Estimate","Trend-cycle","Persons in thousands","428","thousands","3","v123339363","7.3.1.1.1.3","7893.8","","","","1"
"2023-02","Ontario","2021A000235","Employment","Total - Gender","15 years and over","Estimate","Trend-cycle","Persons in thousands","428","thousands","3","v123339363","7.3.1.1.1.3","7927.0","","","","1"
"2023-03","Ontario","2021A000235","Employment","Total - Gender","15 years and over","Estimate","Trend-cycle","Persons in thousands","428","thousands","3","v123339363","7.3.1.1.1.3","7955.5","","","","1"
"2023-04","Ontario","2021A000235","Employment","Total - Gender","15 years and over","Estimate","Trend-cycle","Persons in thousands","428","thousands","3","v123339363","7.3.1.1.1.3","7980.2","","","","1"
"2023-05","Ontario","2021A000235","Employment","Total - Gender","15 years and over","Estimate","Trend-cycle","Persons in thousands","428","thousands","3","v123339363","7.3.1.1.1.3","8001.6","","","","1"
"2023-06","Ontario","2021A000235","Employment","Total - Gender","15 years and over","Estimate","Trend-cycle","Persons in thousands","428","thousands","3","v123339363","7.3.1.1.1.3","8020.8","","","","1"
"2023-07","Ontario","2021A000235","Employment","Total - Gender","15 years and over","Estimate","Trend-cycle","Persons in thousands","428","thousands","3","v123339363","7.3.1.1.1.3","8036.0","","","","1"
"2023-08","Ontario","2021A000235","Employment","Total - Gender","15 years and over","Estimate","Trend-cycle","Persons in thousands","428","thousands","3","v123339363","7.3.1.1.1.3","8047.3","","","","1"
"2023-09","Ontario","2021A000235","Employment","Total - Gender","15 years and over","Estimate","Trend-cycle","Persons in thousands","428","thousands","3","v123339363","7.3.1.1.1.3","8052.9","","","","1"
"2023-10","Ontario","2021A000235","Employment","Total - Gender","15 years and over","Estimate","Trend-cycle","Persons in thousands","428","thousands","3","v123339363","7.3.1.1.1.3","8054.5","","","","1"
"2023-11","Ontario","2021A000235","Employment","Total - Gender","15 years and over","Estimate","Trend-cycle","Persons in thousands","428","thousands","3","v123339363","7.3.1.1.1.3","8054.6","","","","1"
"2023-12","Ontario","2021A000235","Employment","Total - Gender","15 years and over","Estimate","Trend-cycle","Persons in thousands","428","thousands","3","v123339363","7.3.1.1.1.3","8054.6","","","","1"
"2024-01","Ontario","2021A000235","Employment","Total - Gender","15 years and over","Estimate","Trend-cycle","Persons in thousands","428","thousands","3","v123339363","7.3.1.1.1.3","8061.1","","","","1"
"2024-02","Ontario","2021A000235","Employment","Total - Gender","15 years and over","Estimate","Trend-cycle","Persons in thousands","428","thousands","3","v123339363","7.3.1.1.1.3","8073.2","","","","1"
"2024-03","Ontario","2021A000235","Employment","Total - Gender","15 years and over","Estimate","Trend-cycle","Persons in thousands","428","thousands","3","v123339363","7.3.1.1.1.3","8091.6","","","","1"
"2024-04","Ontario","2021A000235","Employment","Total - Gender","15 years and over","Estimate","Trend-cycle","Persons in thousands","428","thousands","3","v123339363","7.3.1.1.1.3","8113.6","","","","1"
"2024-05","Ontario","2021A000235","Employment","Total - Gender","15 years and over","Estimate","Trend-cycle","Persons in thousands","428","thousands","3","v123339363","7.3.1.1.1.3","8136.2","","","","1"
"2024-06","Ontario","2021A000235","Employment","Total - Gender","15 years and over","Estimate","Trend-cycle","Persons in thousands","428","thousands","3","v123339363","7.3.1.1.1.3","8153.9","","","","1"
"2024-07","Ontario","2021A000235","Employment","Total - Gender","15 years and over","Estimate","Trend-cycle","Persons in thousands","428","thousands","3","v123339363","7.3.1.1.1.3","8167.2","","","","1"
"2024-08","Ontario","2021A000235","Employment","Total - Gender","15 years and over","Estimate","Trend-cycle","Persons in thousands","428","thousands","3","v123339363","7.3.1.1.1.3","8176.3","","","","1"
"2024-09","Ontario","2021A000235","Employment","Total - Gender","15 years and over","Estimate","Trend-cycle","Persons in thousands","428","thousands","3","v123339363","7.3.1.1.1.3","8184.2","","","","1"
"2024-10","Ontario","2021A000235","Employment","Total - Gender","15 years and over","Estimate","Trend-cycle","Persons in thousands","428","thousands","3","v123339363","7.3.1.1.1.3","8191.7","","","","1"
"2024-11","Ontario","2021A000235","Employment","Total - Gender","15 years and over","Estimate","Trend-cycle","Persons in thousands","428","thousands","3","v123339363","7.3.1.1.1.3","8199.8","","","","1"
"2024-12","Ontario","2021A000235","Employment","Total - Gender","15 years and over","Estimate","Trend-cycle","Persons in thousands","428","thousands","3","v123339363","7.3.1.1.1.3","8208.8","","","","1"
"2025-01","Ontario","2021A000235","Employment","Total - Gender","15 years and over","Estimate","Trend-cycle","Persons in thousands","428","thousands","3","v123339363","7.3.1.1.1.3","8216.0","","","","1"
"2025-02","Ontario","2021A000235","Employment","Total - Gender","15 years and over","Estimate","Trend-cycle","Persons in thousands","428","thousands","3","v123339363","7.3.1.1.1.3","8219.8","","","","1"
"2025-03","Ontario","2021A000235","Employment","Total - Gender","15 years and over","Estimate","Trend-cycle","Persons in thousands","428","thousands","3","v123339363","7.3.1.1.1.3","8217.6","","","","1"
"2025-04","Ontario","2021A000235","Employment","Total - Gender","15 years and over","Estimate","Trend-cycle","Persons in thousands","428","thousands","3","v123339363","7.3.1.1.1.3","8212.3","","","","1"
"2025-05","Ontario","2021A000235","Employment","Total - Gender","15 years and over","Estimate","Trend-cycle","Persons in thousands","428","thousands","3","v123339363","7.3.1.1.1.3","8207.3","","","","1"
"2025-06","Ontario","2021A000235","Employment","Total - Gender","15 years and over","Estimate","Trend-cycle","Persons in thousands","428","thousands","3","v123339363","7.3.1.1.1.3","8204.0","","","","1"
"2025-07","Ontario","2021A000235","Employment","Total - Gender","15 years and over","Estimate","Trend-cycle","Persons in thousands","428","thousands","3","v123339363","7.3.1.1.1.3","8206.7","","","","1"
"2025-08","Ontario","2021A000235","Employment","Total - Gender","15 years and over","Estimate","Trend-cycle","Persons in thousands","428","thousands","3","v123339363","7.3.1.1.1.3","8213.2","","","","1"
"2025-09","Ontario","2021A000235","Employment","Total - Gender","15 years and over","Estimate","Trend-cycle","Persons in thousands","428","thousands","3","v123339363","7.3.1.1.1.3","8222.9","","","","1"
"2025-10","Ontario","2021A000235","Employment","Total - Gender","15 years and over","Estimate","Trend-cycle","Persons in thousands","428","thousands","3","v123339363","7.3.1.1.1.3","8232.3","","","","1"
"2025-11","Ontario","2021A000235","Employment","Total - Gender","15 years and over","Estimate","Trend-cycle","Persons in thousands","428","thousands","3","v123339363","7.3.1.1.1.3","8237.1","","","","1"
"2025-12","Ontario","2021A000235","Employment","Total - Gender","15 years and over","Estimate","Trend-cycle","Persons in thousands","428","thousands","3","v123339363","7.3.1.1.1.3","8237.4","","","","1"
"2026-01","Ontario","2021A000235","Employment","Total - Gender","15 years and over","Estimate","Trend-cycle","Persons in thousands","428","thousands","3","v123339363","7.3.1.1.1.3","8232.6","","","","1"
"2026-02","Ontario","2021A000235","Employment","Total - Gender","15 years and over","Estimate","Trend-cycle","Persons in thousands","428","thousands","3","v123339363","7.3.1.1.1.3","8229.3","","","","1"
"2026-03","Ontario","2021A000235","Employment","Total - Gender","15 years and over","Estimate","Trend-cycle","Persons in thousands","428","thousands","3","v123339363","7.3.1.1.1.3","8224.8","","","","1"
"2026-04","Ontario","2021A000235","Employment","Total - Gender","15 years and over","Estimate","Trend-cycle","Persons in thousands","428","thousands","3","v123339363","7.3.1.1.1.3","8223.4","","","","1"
"2021-01","Ontario","2021A000235","Full-time employment","Total - Gender","15 years and over","Estimate","Seasonally adjusted","Persons in thousands","428","thousands","3","v2063946","7.4.1.1.1.1","5968.7","","","","1"
"2021-02","Ontario","2021A000235","Full-time employment","Total - Gender","15 years and over","Estimate","Seasonally adjusted","Persons in thousands","428","thousands","3","v2063946","7.4.1.1.1.1","6025.3","","","","1"
"2021-03","Ontario","2021A000235","Full-time employment","Total - Gender","15 years and over","Estimate","Seasonally adjusted","Persons in thousands","428","thousands","3","v2063946","7.4.1.1.1.1","6124.0","","","","1"
"2021-04","Ontario","2021A000235","Full-time employment","Total - Gender","15 years and over","Estimate","Seasonally adjusted","Persons in thousands","428","thousands","3","v2063946","7.4.1.1.1.1","6031.9","","","","1"
"2021-05","Ontario","2021A000235","Full-time employment","Total - Gender","15 years and over","Estimate","Seasonally adjusted","Persons in thousands","428","thousands","3","v2063946","7.4.1.1.1.1","6013.8","","","","1"
"2021-06","Ontario","2021A000235","Full-time employment","Total - Gender","15 years and over","Estimate","Seasonally adjusted","Persons in thousands","428","thousands","3","v2063946","7.4.1.1.1.1","6044.5","","","","1"
"2021-07","Ontario","2021A000235","Full-time employment","Total - Gender","15 years and over","Estimate","Seasonally adjusted","Persons in thousands","428","thousands","3","v2063946","7.4.1.1.1.1","6090.4","","","","1"
"2021-08","Ontario","2021A000235","Full-time employment","Total - Gender","15 years and over","Estimate","Seasonally adjusted","Persons in thousands","428","thousands","3","v2063946","7.4.1.1.1.1","6080.7","","","","1"
"2021-09","Ontario","2021A000235","Full-time employment","Total - Gender","15 years and over","Estimate","Seasonally adjusted","Persons in thousands","428","thousands","3","v2063946","7.4.1.1.1.1","6189.9","","","","1"
"2021-10","Ontario","2021A000235","Full-time employment","Total - Gender","15 years and over","Estimate","Seasonally adjusted","Persons in thousands","428","thousands","3","v2063946","7.4.1.1.1.1","6215.8","","","","1"
"2021-11","Ontario","2021A000235","Full-time employment","Total - Gender","15 years and over","Estimate","Seasonally adjusted","Persons in thousands","428","thousands","3","v2063946","7.4.1.1.1.1","6262.5","","","","1"
"2021-12","Ontario","2021A000235","Full-time employment","Total - Gender","15 years and over","Estimate","Seasonally adjusted","Persons in thousands","428","thousands","3","v2063946","7.4.1.1.1.1","6317.9","","","","1"
"2022-01","Ontario","2021A000235","Full-time employment","Total - Gender","15 years and over","Estimate","Seasonally adjusted","Persons in thousands","428","thousands","3","v2063946","7.4.1.1.1.1","6277.9","","","","1"
"2022-02","Ontario","2021A000235","Full-time employment","Total - Gender","15 years and over","Estimate","Seasonally adjusted","Persons in thousands","428","thousands","3","v2063946","7.4.1.1.1.1","6351.7","","","","1"
"2022-03","Ontario","2021A000235","Full-time employment","Total - Gender","15 years and over","Estimate","Seasonally adjusted","Persons in thousands","428","thousands","3","v2063946","7.4.1.1.1.1","6370.2","","","","1"
"2022-04","Ontario","2021A000235","Full-time employment","Total - Gender","15 years and over","Estimate","Seasonally adjusted","Persons in thousands","428","thousands","3","v2063946","7.4.1.1.1.1","6381.8","","","","1"
"2022-05","Ontario","2021A000235","Full-time employment","Total - Gender","15 years and over","Estimate","Seasonally adjusted","Persons in thousands","428","thousands","3","v2063946","7.4.1.1.1.1","6420.4","","","","1"
"2022-06","Ontario","2021A000235","Full-time employment","Total - Gender","15 years and over","Estimate","Seasonally adjusted","Persons in thousands","428","thousands","3","v2063946","7.4.1.1.1.1","6443.5","","","","1"
"2022-07","Ontario","2021A000235","Full-time employment","Total - Gender","15 years and over","Estimate","Seasonally adjusted","Persons in thousands","428","thousands","3","v2063946","7.4.1.1.1.1","6427.2","","","","1"
"2022-08","Ontario","2021A000235","Full-time employment","Total - Gender","15 years and over","Estimate","Seasonally adjusted","Persons in thousands","428","thousands","3","v2063946","7.4.1.1.1.1","6429.2","","","","1"
"2022-09","Ontario","2021A000235","Full-time employment","Total - Gender","15 years and over","Estimate","Seasonally adjusted","Persons in thousands","428","thousands","3","v2063946","7.4.1.1.1.1","6424.4","","","","1"
"2022-10","Ontario","2021A000235","Full-time employment","Total - Gender","15 years and over","Estimate","Seasonally adjusted","Persons in thousands","428","thousands","3","v2063946","7.4.1.1.1.1","6422.1","","","","1"
"2022-11","Ontario","2021A000235","Full-time employment","Total - Gender","15 years and over","Estimate","Seasonally adjusted","Persons in thousands","428","thousands","3","v2063946","7.4.1.1.1.1","6488.3","","","","1"
"2022-12","Ontario","2021A000235","Full-time employment","Total - Gender","15 years and over","Estimate","Seasonally adjusted","Persons in thousands","428","thousands","3","v2063946","7.4.1.1.1.1","6516.2","","","","1"
"2023-01","Ontario","2021A000235","Full-time employment","Total - Gender","15 years and over","Estimate","Seasonally adjusted","Persons in thousands","428","thousands","3","v2063946","7.4.1.1.1.1","6559.8","","","","1"
"2023-02","Ontario","2021A000235","Full-time employment","Total - Gender","15 years and over","Estimate","Seasonally adjusted","Persons in thousands","428","thousands","3","v2063946","7.4.1.1.1.1","6598.2","","","","1"
"2023-03","Ontario","2021A000235","Full-time employment","Total - Gender","15 years and over","Estimate","Seasonally adjusted","Persons in thousands","428","thousands","3","v2063946","7.4.1.1.1.1","6610.9","","","","1"
"2023-04","Ontario","2021A000235","Full-time employment","Total - Gender","15 years and over","Estimate","Seasonally adjusted","Persons in thousands","428","thousands","3","v2063946","7.4.1.1.1.1","6605.4","","","","1"
"2023-05","Ontario","2021A000235","Full-time employment","Total - Gender","15 years and over","Estimate","Seasonally adjusted","Persons in thousands","428","thousands","3","v2063946","7.4.1.1.1.1","6584.8","","","","1"
"2023-06","Ontario","2021A000235","Full-time employment","Total - Gender","15 years and over","Estimate","Seasonally adjusted","Persons in thousands","428","thousands","3","v2063946","7.4.1.1.1.1","6660.1","","","","1"
"2023-07","Ontario","2021A000235","Full-time employment","Total - Gender","15 years and over","Estimate","Seasonally adjusted","Persons in thousands","428","thousands","3","v2063946","7.4.1.1.1.1","6647.7","","","","1"
"2023-08","Ontario","2021A000235","Full-time employment","Total - Gender","15 years and over","Estimate","Seasonally adjusted","Persons in thousands","428","thousands","3","v2063946","7.4.1.1.1.1","6690.6","","","","1"
"2023-09","Ontario","2021A000235","Full-time employment","Total - Gender","15 years and over","Estimate","Seasonally adjusted","Persons in thousands","428","thousands","3","v2063946","7.4.1.1.1.1","6680.6","","","","1"
"2023-10","Ontario","2021A000235","Full-time employment","Total - Gender","15 years and over","Estimate","Seasonally adjusted","Persons in thousands","428","thousands","3","v2063946","7.4.1.1.1.1","6679.0","","","","1"
"2023-11","Ontario","2021A000235","Full-time employment","Total - Gender","15 years and over","Estimate","Seasonally adjusted","Persons in thousands","428","thousands","3","v2063946","7.4.1.1.1.1","6668.7","","","","1"
"2023-12","Ontario","2021A000235","Full-time employment","Total - Gender","15 years and over","Estimate","Seasonally adjusted","Persons in thousands","428","thousands","3","v2063946","7.4.1.1.1.1","6671.7","","","","1"
"2024-01","Ontario","2021A000235","Full-time employment","Total - Gender","15 years and over","Estimate","Seasonally adjusted","Persons in thousands","428","thousands","3","v2063946","7.4.1.1.1.1","6629.6","","","","1"
"2024-02","Ontario","2021A000235","Full-time employment","Total - Gender","15 years and over","Estimate","Seasonally adjusted","Persons in thousands","428","thousands","3","v2063946","7.4.1.1.1.1","6664.0","","","","1"
"2024-03","Ontario","2021A000235","Full-time employment","Total - Gender","15 years and over","Estimate","Seasonally adjusted","Persons in thousands","428","thousands","3","v2063946","7.4.1.1.1.1","6674.3","","","","1"
"2024-04","Ontario","2021A000235","Full-time employment","Total - Gender","15 years and over","Estimate","Seasonally adjusted","Persons in thousands","428","thousands","3","v2063946","7.4.1.1.1.1","6711.9","","","","1"
"2024-05","Ontario","2021A000235","Full-time employment","Total - Gender","15 years and over","Estimate","Seasonally adjusted","Persons in thousands","428","thousands","3","v2063946","7.4.1.1.1.1","6703.8","","","","1"
"2024-06","Ontario","2021A000235","Full-time employment","Total - Gender","15 years and over","Estimate","Seasonally adjusted","Persons in thousands","428","thousands","3","v2063946","7.4.1.1.1.1","6702.1","","","","1"
"2024-07","Ontario","2021A000235","Full-time employment","Total - Gender","15 years and over","Estimate","Seasonally adjusted","Persons in thousands","428","thousands","3","v2063946","7.4.1.1.1.1","6759.1","","","","1"
"2024-08","Ontario","2021A000235","Full-time employment","Total - Gender","15 years and over","Estimate","Seasonally adjusted","Persons in thousands","428","thousands","3","v2063946","7.4.1.1.1.1","6714.6","","","","1"
"2024-09","Ontario","2021A000235","Full-time employment","Total - Gender","15 years and over","Estimate","Seasonally adjusted","Persons in thousands","428","thousands","3","v2063946","7.4.1.1.1.1","6756.1","","","","1"
"2024-10","Ontario","2021A000235","Full-time employment","Total - Gender","15 years and over","Estimate","Seasonally adjusted","Persons in thousands","428","thousands","3","v2063946","7.4.1.1.1.1","6729.9","","","","1"
"2024-11","Ontario","2021A000235","Full-time employment","Total - Gender","15 years and over","Estimate","Seasonally adjusted","Persons in thousands","428","thousands","3","v2063946","7.4.1.1.1.1","6732.3","","","","1"
"2024-12","Ontario","2021A000235","Full-time employment","Total - Gender","15 years and over","Estimate","Seasonally adjusted","Persons in thousands","428","thousands","3","v2063946","7.4.1.1.1.1","6734.3","","","","1"
"2025-01","Ontario","2021A000235","Full-time employment","Total - Gender","15 years and over","Estimate","Seasonally adjusted","Persons in thousands","428","thousands","3","v2063946","7.4.1.1.1.1","6784.0","","","","1"
"2025-02","Ontario","2021A000235","Full-time employment","Total - Gender","15 years and over","Estimate","Seasonally adjusted","Persons in thousands","428","thousands","3","v2063946","7.4.1.1.1.1","6743.4","","","","1"
"2025-03","Ontario","2021A000235","Full-time employment","Total - Gender","15 years and over","Estimate","Seasonally adjusted","Persons in thousands","428","thousands","3","v2063946","7.4.1.1.1.1","6717.3","","","","1"
"2025-04","Ontario","2021A000235","Full-time employment","Total - Gender","15 years and over","Estimate","Seasonally adjusted","Persons in thousands","428","thousands","3","v2063946","7.4.1.1.1.1","6685.5","","","","1"
"2025-05","Ontario","2021A000235","Full-time employment","Total - Gender","15 years and over","Estimate","Seasonally adjusted","Persons in thousands","428","thousands","3","v2063946","7.4.1.1.1.1","6708.8","","","","1"
"2025-06","Ontario","2021A000235","Full-time employment","Total - Gender","15 years and over","Estimate","Seasonally adjusted","Persons in thousands","428","thousands","3","v2063946","7.4.1.1.1.1","6700.4","","","","1"
"2025-07","Ontario","2021A000235","Full-time employment","Total - Gender","15 years and over","Estimate","Seasonally adjusted","Persons in thousands","428","thousands","3","v2063946","7.4.1.1.1.1","6726.9","","","","1"
"2025-08","Ontario","2021A000235","Full-time employment","Total - Gender","15 years and over","Estimate","Seasonally adjusted","Persons in thousands","428","thousands","3","v2063946","7.4.1.1.1.1","6746.3","","","","1"
"2025-09","Ontario","2021A000235","Full-time employment","Total - Gender","15 years and over","Estimate","Seasonally adjusted","Persons in thousands","428","thousands","3","v2063946","7.4.1.1.1.1","6797.4","","","","1"
"2025-10","Ontario","2021A000235","Full-time employment","Total - Gender","15 years and over","Estimate","Seasonally adjusted","Persons in thousands","428","thousands","3","v2063946","7.4.1.1.1.1","6787.3","","","","1"
"2025-11","Ontario","2021A000235","Full-time employment","Total - Gender","15 years and over","Estimate","Seasonally adjusted","Persons in thousands","428","thousands","3","v2063946","7.4.1.1.1.1","6778.4","","","","1"
"2025-12","Ontario","2021A000235","Full-time employment","Total - Gender","15 years and over","Estimate","Seasonally adjusted","Persons in thousands","428","thousands","3","v2063946","7.4.1.1.1.1","6816.6","","","","1"
"2026-01","Ontario","2021A000235","Full-time employment","Total - Gender","15 years and over","Estimate","Seasonally adjusted","Persons in thousands","428","thousands","3","v2063946","7.4.1.1.1.1","6782.3","","","","1"
"2026-02","Ontario","2021A000235","Full-time employment","Total - Gender","15 years and over","Estimate","Seasonally adjusted","Persons in thousands","428","thousands","3","v2063946","7.4.1.1.1.1","6758.8","","","","1"
"2026-03","Ontario","2021A000235","Full-time employment","Total - Gender","15 years and over","Estimate","Seasonally adjusted","Persons in thousands","428","thousands","3","v2063946","7.4.1.1.1.1","6771.2","","","","1"
"2026-04","Ontario","2021A000235","Full-time employment","Total - Gender","15 years and over","Estimate","Seasonally adjusted","Persons in thousands","428","thousands","3","v2063946","7.4.1.1.1.1","6821.6","","","","1"
"2021-01","Ontario","2021A000235","Part-time employment","Total - Gender","15 years and over","Estimate","Seasonally adjusted","Persons in thousands","428","thousands","3","v2063947","7.5.1.1.1.1","1144.0","","","","1"
"2021-02","Ontario","2021A000235","Part-time employment","Total - Gender","15 years and over","Estimate","Seasonally adjusted","Persons in thousands","428","thousands","3","v2063947","7.5.1.1.1.1","1202.3","","","","1"
"2021-03","Ontario","2021A000235","Part-time employment","Total - Gender","15 years and over","Estimate","Seasonally adjusted","Persons in thousands","428","thousands","3","v2063947","7.5.1.1.1.1","1247.8","","","","1"
"2021-04","Ontario","2021A000235","Part-time employment","Total - Gender","15 years and over","Estimate","Seasonally adjusted","Persons in thousands","428","thousands","3","v2063947","7.5.1.1.1.1","1197.0","","","","1"
"2021-05","Ontario","2021A000235","Part-time employment","Total - Gender","15 years and over","Estimate","Seasonally adjusted","Persons in thousands","428","thousands","3","v2063947","7.5.1.1.1.1","1182.5","","","","1"
"2021-06","Ontario","2021A000235","Part-time employment","Total - Gender","15 years and over","Estimate","Seasonally adjusted","Persons in thousands","428","thousands","3","v2063947","7.5.1.1.1.1","1280.2","","","","1"
"2021-07","Ontario","2021A000235","Part-time employment","Total - Gender","15 years and over","Estimate","Seasonally adjusted","Persons in thousands","428","thousands","3","v2063947","7.5.1.1.1.1","1339.5","","","","1"
"2021-08","Ontario","2021A000235","Part-time employment","Total - Gender","15 years and over","Estimate","Seasonally adjusted","Persons in thousands","428","thousands","3","v2063947","7.5.1.1.1.1","1382.4","","","","1"
"2021-09","Ontario","2021A000235","Part-time employment","Total - Gender","15 years and over","Estimate","Seasonally adjusted","Persons in thousands","428","thousands","3","v2063947","7.5.1.1.1.1","1363.2","","","","1"
"2021-10","Ontario","2021A000235","Part-time employment","Total - Gender","15 years and over","Estimate","Seasonally adjusted","Persons in thousands","428","thousands","3","v2063947","7.5.1.1.1.1","1381.1","","","","1"
"2021-11","Ontario","2021A000235","Part-time employment","Total - Gender","15 years and over","Estimate","Seasonally adjusted","Persons in thousands","428","thousands","3","v2063947","7.5.1.1.1.1","1399.7","","","","1"
"2021-12","Ontario","2021A000235","Part-time employment","Total - Gender","15 years and over","Estimate","Seasonally adjusted","Persons in thousands","428","thousands","3","v2063947","7.5.1.1.1.1","1398.4","","","","1"
"2022-01","Ontario","2021A000235","Part-time employment","Total - Gender","15 years and over","Estimate","Seasonally adjusted","Persons in thousands","428","thousands","3","v2063947","7.5.1.1.1.1","1274.4","","","","1"
"2022-02","Ontario","2021A000235","Part-time employment","Total - Gender","15 years and over","Estimate","Seasonally adjusted","Persons in thousands","428","thousands","3","v2063947","7.5.1.1.1.1","1386.3","","","","1"
"2022-03","Ontario","2021A000235","Part-time employment","Total - Gender","15 years and over","Estimate","Seasonally adjusted","Persons in thousands","428","thousands","3","v2063947","7.5.1.1.1.1","1382.9","","","","1"
"2022-04","Ontario","2021A000235","Part-time employment","Total - Gender","15 years and over","Estimate","Seasonally adjusted","Persons in thousands","428","thousands","3","v2063947","7.5.1.1.1.1","1402.4","","","","1"
"2022-05","Ontario","2021A000235","Part-time employment","Total - Gender","15 years and over","Estimate","Seasonally adjusted","Persons in thousands","428","thousands","3","v2063947","7.5.1.1.1.1","1370.6","","","","1"
"2022-06","Ontario","2021A000235","Part-time employment","Total - Gender","15 years and over","Estimate","Seasonally adjusted","Persons in thousands","428","thousands","3","v2063947","7.5.1.1.1.1","1329.6","","","","1"
"2022-07","Ontario","2021A000235","Part-time employment","Total - Gender","15 years and over","Estimate","Seasonally adjusted","Persons in thousands","428","thousands","3","v2063947","7.5.1.1.1.1","1360.9","","","","1"
"2022-08","Ontario","2021A000235","Part-time employment","Total - Gender","15 years and over","Estimate","Seasonally adjusted","Persons in thousands","428","thousands","3","v2063947","7.5.1.1.1.1","1343.6","","","","1"
"2022-09","Ontario","2021A000235","Part-time employment","Total - Gender","15 years and over","Estimate","Seasonally adjusted","Persons in thousands","428","thousands","3","v2063947","7.5.1.1.1.1","1326.8","","","","1"
"2022-10","Ontario","2021A000235","Part-time employment","Total - Gender","15 years and over","Estimate","Seasonally adjusted","Persons in thousands","428","thousands","3","v2063947","7.5.1.1.1.1","1382.3","","","","1"
"2022-11","Ontario","2021A000235","Part-time employment","Total - Gender","15 years and over","Estimate","Seasonally adjusted","Persons in thousands","428","thousands","3","v2063947","7.5.1.1.1.1","1331.2","","","","1"
"2022-12","Ontario","2021A000235","Part-time employment","Total - Gender","15 years and over","Estimate","Seasonally adjusted","Persons in thousands","428","thousands","3","v2063947","7.5.1.1.1.1","1347.8","","","","1"
"2023-01","Ontario","2021A000235","Part-time employment","Total - Gender","15 years and over","Estimate","Seasonally adjusted","Persons in thousands","428","thousands","3","v2063947","7.5.1.1.1.1","1340.7","","","","1"
"2023-02","Ontario","2021A000235","Part-time employment","Total - Gender","15 years and over","Estimate","Seasonally adjusted","Persons in thousands","428","thousands","3","v2063947","7.5.1.1.1.1","1333.9","","","","1"
"2023-03","Ontario","2021A000235","Part-time employment","Total - Gender","15 years and over","Estimate","Seasonally adjusted","Persons in thousands","428","thousands","3","v2063947","7.5.1.1.1.1","1350.8","","","","1"
"2023-04","Ontario","2021A000235","Part-time employment","Total - Gender","15 years and over","Estimate","Seasonally adjusted","Persons in thousands","428","thousands","3","v2063947","7.5.1.1.1.1","1386.8","","","","1"
"2023-05","Ontario","2021A000235","Part-time employment","Total - Gender","15 years and over","Estimate","Seasonally adjusted","Persons in thousands","428","thousands","3","v2063947","7.5.1.1.1.1","1396.4","","","","1"
"2023-06","Ontario","2021A000235","Part-time employment","Total - Gender","15 years and over","Estimate","Seasonally adjusted","Persons in thousands","428","thousands","3","v2063947","7.5.1.1.1.1","1369.8","","","","1"
"2023-07","Ontario","2021A000235","Part-time employment","Total - Gender","15 years and over","Estimate","Seasonally adjusted","Persons in thousands","428","thousands","3","v2063947","7.5.1.1.1.1","1390.0","","","","1"
"2023-08","Ontario","2021A000235","Part-time employment","Total - Gender","15 years and over","Estimate","Seasonally adjusted","Persons in thousands","428","thousands","3","v2063947","7.5.1.1.1.1","1361.9","","","","1"
"2023-09","Ontario","2021A000235","Part-time employment","Total - Gender","15 years and over","Estimate","Seasonally adjusted","Persons in thousands","428","thousands","3","v2063947","7.5.1.1.1.1","1386.5","","","","1"
"2023-10","Ontario","2021A000235","Part-time employment","Total - Gender","15 years and over","Estimate","Seasonally adjusted","Persons in thousands","428","thousands","3","v2063947","7.5.1.1.1.1","1376.4","","","","1"
"2023-11","Ontario","2021A000235","Part-time employment","Total - Gender","15 years and over","Estimate","Seasonally adjusted","Persons in thousands","428","thousands","3","v2063947","7.5.1.1.1.1","1395.2","","","","1"
"2023-12","Ontario","2021A000235","Part-time employment","Total - Gender","15 years and over","Estimate","Seasonally adjusted","Persons in thousands","428","thousands","3","v2063947","7.5.1.1.1.1","1366.5","","","","1"
"2024-01","Ontario","2021A000235","Part-time employment","Total - Gender","15 years and over","Estimate","Seasonally adjusted","Persons in thousands","428","thousands","3","v2063947","7.5.1.1.1.1","1421.4","","","","1"
"2024-02","Ontario","2021A000235","Part-time employment","Total - Gender","15 years and over","Estimate","Seasonally adjusted","Persons in thousands","428","thousands","3","v2063947","7.5.1.1.1.1","1390.6","","","","1"
"2024-03","Ontario","2021A000235","Part-time employment","Total - Gender","15 years and over","Estimate","Seasonally adjusted","Persons in thousands","428","thousands","3","v2063947","7.5.1.1.1.1","1418.3","","","","1"
"2024-04","Ontario","2021A000235","Part-time employment","Total - Gender","15 years and over","Estimate","Seasonally adjusted","Persons in thousands","428","thousands","3","v2063947","7.5.1.1.1.1","1402.2","","","","1"
"2024-05","Ontario","2021A000235","Part-time employment","Total - Gender","15 years and over","Estimate","Seasonally adjusted","Persons in thousands","428","thousands","3","v2063947","7.5.1.1.1.1","1448.8","","","","1"
"2024-06","Ontario","2021A000235","Part-time employment","Total - Gender","15 years and over","Estimate","Seasonally adjusted","Persons in thousands","428","thousands","3","v2063947","7.5.1.1.1.1","1453.3","","","","1"
"2024-07","Ontario","2021A000235","Part-time employment","Total - Gender","15 years and over","Estimate","Seasonally adjusted","Persons in thousands","428","thousands","3","v2063947","7.5.1.1.1.1","1416.0","","","","1"
"2024-08","Ontario","2021A000235","Part-time employment","Total - Gender","15 years and over","Estimate","Seasonally adjusted","Persons in thousands","428","thousands","3","v2063947","7.5.1.1.1.1","1455.7","","","","1"
"2024-09","Ontario","2021A000235","Part-time employment","Total - Gender","15 years and over","Estimate","Seasonally adjusted","Persons in thousands","428","thousands","3","v2063947","7.5.1.1.1.1","1447.1","","","","1"
"2024-10","Ontario","2021A000235","Part-time employment","Total - Gender","15 years and over","Estimate","Seasonally adjusted","Persons in thousands","428","thousands","3","v2063947","7.5.1.1.1.1","1450.3","","","","1"
"2024-11","Ontario","2021A000235","Part-time employment","Total - Gender","15 years and over","Estimate","Seasonally adjusted","Persons in thousands","428","thousands","3","v2063947","7.5.1.1.1.1","1440.7","","","","1"
"2024-12","Ontario","2021A000235","Part-time employment","Total - Gender","15 years and over","Estimate","Seasonally adjusted","Persons in thousands","428","thousands","3","v2063947","7.5.1.1.1.1","1475.7","","","","1"
"2025-01","Ontario","2021A000235","Part-time employment","Total - Gender","15 years and over","Estimate","Seasonally adjusted","Persons in thousands","428","thousands","3","v2063947","7.5.1.1.1.1","1450.2","","","","1"
"2025-02","Ontario","2021A000235","Part-time employment","Total - Gender","15 years and over","Estimate","Seasonally adjusted","Persons in thousands","428","thousands","3","v2063947","7.5.1.1.1.1","1502.3","","","","1"
"2025-03","Ontario","2021A000235","Part-time employment","Total - Gender","15 years and over","Estimate","Seasonally adjusted","Persons in thousands","428","thousands","3","v2063947","7.5.1.1.1.1","1504.3","","","","1"
"2025-04","Ontario","2021A000235","Part-time employment","Total - Gender","15 years and over","Estimate","Seasonally adjusted","Persons in thousands","428","thousands","3","v2063947","7.5.1.1.1.1","1508.1","","","","1"
"2025-05","Ontario","2021A000235","Part-time employment","Total - Gender","15 years and over","Estimate","Seasonally adjusted","Persons in thousands","428","thousands","3","v2063947","7.5.1.1.1.1","1489.3","","","","1"
"2025-06","Ontario","2021A000235","Part-time employment","Total - Gender","15 years and over","Estimate","Seasonally adjusted","Persons in thousands","428","thousands","3","v2063947","7.5.1.1.1.1","1507.9","","","","1"
"2025-07","Ontario","2021A000235","Part-time employment","Total - Gender","15 years and over","Estimate","Seasonally adjusted","Persons in thousands","428","thousands","3","v2063947","7.5.1.1.1.1","1489.4","","","","1"
"2025-08","Ontario","2021A000235","Part-time employment","Total - Gender","15 years and over","Estimate","Seasonally adjusted","Persons in thousands","428","thousands","3","v2063947","7.5.1.1.1.1","1444.0","","","","1"
"2025-09","Ontario","2021A000235","Part-time employment","Total - Gender","15 years and over","Estimate","Seasonally adjusted","Persons in thousands","428","thousands","3","v2063947","7.5.1.1.1.1","1402.8","","","","1"
"2025-10","Ontario","2021A000235","Part-time employment","Total - Gender","15 years and over","Estimate","Seasonally adjusted","Persons in thousands","428","thousands","3","v2063947","7.5.1.1.1.1","1465.2","","","","1"
"2025-11","Ontario","2021A000235","Part-time employment","Total - Gender","15 years and over","Estimate","Seasonally adjusted","Persons in thousands","428","thousands","3","v2063947","7.5.1.1.1.1","1478.0","","","","1"
"2025-12","Ontario","2021A000235","Part-time employment","Total - Gender","15 years and over","Estimate","Seasonally adjusted","Persons in thousands","428","thousands","3","v2063947","7.5.1.1.1.1","1458.0","","","","1"
"2026-01","Ontario","2021A000235","Part-time employment","Total - Gender","15 years and over","Estimate","Seasonally adjusted","Persons in thousands","428","thousands","3","v2063947","7.5.1.1.1.1","1425.7","","","","1"
"2026-02","Ontario","2021A000235","Part-time employment","Total - Gender","15 years and over","Estimate","Seasonally adjusted","Persons in thousands","428","thousands","3","v2063947","7.5.1.1.1.1","1452.5","","","","1"
"2026-03","Ontario","2021A000235","Part-time employment","Total - Gender","15 years and over","Estimate","Seasonally adjusted","Persons in thousands","428","thousands","3","v2063947","7.5.1.1.1.1","1434.3","","","","1"
"2026-04","Ontario","2021A000235","Part-time employment","Total - Gender","15 years and over","Estimate","Seasonally adjusted","Persons in thousands","428","thousands","3","v2063947","7.5.1.1.1.1","1426.3","","","","1"
"2021-01","Ontario","2021A000235","Unemployment","Total - Gender","15 years and over","Estimate","Seasonally adjusted","Persons in thousands","428","thousands","3","v2063948","7.6.1.1.1.1","805.6","","","","1"
"2021-02","Ontario","2021A000235","Unemployment","Total - Gender","15 years and over","Estimate","Seasonally adjusted","Persons in thousands","428","thousands","3","v2063948","7.6.1.1.1.1","757.3","","","","1"
"2021-03","Ontario","2021A000235","Unemployment","Total - Gender","15 years and over","Estimate","Seasonally adjusted","Persons in thousands","428","thousands","3","v2063948","7.6.1.1.1.1","623.5","","","","1"
"2021-04","Ontario","2021A000235","Unemployment","Total - Gender","15 years and over","Estimate","Seasonally adjusted","Persons in thousands","428","thousands","3","v2063948","7.6.1.1.1.1","747.4","","","","1"
"2021-05","Ontario","2021A000235","Unemployment","Total - Gender","15 years and over","Estimate","Seasonally adjusted","Persons in thousands","428","thousands","3","v2063948","7.6.1.1.1.1","749.3","","","","1"
"2021-06","Ontario","2021A000235","Unemployment","Total - Gender","15 years and over","Estimate","Seasonally adjusted","Persons in thousands","428","thousands","3","v2063948","7.6.1.1.1.1","705.4","","","","1"
"2021-07","Ontario","2021A000235","Unemployment","Total - Gender","15 years and over","Estimate","Seasonally adjusted","Persons in thousands","428","thousands","3","v2063948","7.6.1.1.1.1","640.2","","","","1"
"2021-08","Ontario","2021A000235","Unemployment","Total - Gender","15 years and over","Estimate","Seasonally adjusted","Persons in thousands","428","thousands","3","v2063948","7.6.1.1.1.1","620.5","","","","1"
"2021-09","Ontario","2021A000235","Unemployment","Total - Gender","15 years and over","Estimate","Seasonally adjusted","Persons in thousands","428","thousands","3","v2063948","7.6.1.1.1.1","607.0","","","","1"
"2021-10","Ontario","2021A000235","Unemployment","Total - Gender","15 years and over","Estimate","Seasonally adjusted","Persons in thousands","428","thousands","3","v2063948","7.6.1.1.1.1","548.8","","","","1"
"2021-11","Ontario","2021A000235","Unemployment","Total - Gender","15 years and over","Estimate","Seasonally adjusted","Persons in thousands","428","thousands","3","v2063948","7.6.1.1.1.1","529.8","","","","1"
"2021-12","Ontario","2021A000235","Unemployment","Total - Gender","15 years and over","Estimate","Seasonally adjusted","Persons in thousands","428","thousands","3","v2063948","7.6.1.1.1.1","518.8","","","","1"
"2022-01","Ontario","2021A000235","Unemployment","Total - Gender","15 years and over","Estimate","Seasonally adjusted","Persons in thousands","428","thousands","3","v2063948","7.6.1.1.1.1","600.9","","","","1"
"2022-02","Ontario","2021A000235","Unemployment","Total - Gender","15 years and over","Estimate","Seasonally adjusted","Persons in thousands","428","thousands","3","v2063948","7.6.1.1.1.1","463.7","","","","1"
"2022-03","Ontario","2021A000235","Unemployment","Total - Gender","15 years and over","Estimate","Seasonally adjusted","Persons in thousands","428","thousands","3","v2063948","7.6.1.1.1.1","445.5","","","","1"
"2022-04","Ontario","2021A000235","Unemployment","Total - Gender","15 years and over","Estimate","Seasonally adjusted","Persons in thousands","428","thousands","3","v2063948","7.6.1.1.1.1","458.8","","","","1"
"2022-05","Ontario","2021A000235","Unemployment","Total - Gender","15 years and over","Estimate","Seasonally adjusted","Persons in thousands","428","thousands","3","v2063948","7.6.1.1.1.1","444.1","","","","1"
"2022-06","Ontario","2021A000235","Unemployment","Total - Gender","15 years and over","Estimate","Seasonally adjusted","Persons in thousands","428","thousands","3","v2063948","7.6.1.1.1.1","421.3","","","","1"
"2022-07","Ontario","2021A000235","Unemployment","Total - Gender","15 years and over","Estimate","Seasonally adjusted","Persons in thousands","428","thousands","3","v2063948","7.6.1.1.1.1","416.7","","","","1"
"2022-08","Ontario","2021A000235","Unemployment","Total - Gender","15 years and over","Estimate","Seasonally adjusted","Persons in thousands","428","thousands","3","v2063948","7.6.1.1.1.1","443.8","","","","1"
"2022-09","Ontario","2021A000235","Unemployment","Total - Gender","15 years and over","Estimate","Seasonally adjusted","Persons in thousands","428","thousands","3","v2063948","7.6.1.1.1.1","448.0","","","","1"
"2022-10","Ontario","2021A000235","Unemployment","Total - Gender","15 years and over","Estimate","Seasonally adjusted","Persons in thousands","428","thousands","3","v2063948","7.6.1.1.1.1","451.5","","","","1"
"2022-11","Ontario","2021A000235","Unemployment","Total - Gender","15 years and over","Estimate","Seasonally adjusted","Persons in thousands","428","thousands","3","v2063948","7.6.1.1.1.1","461.3","","","","1"
"2022-12","Ontario","2021A000235","Unemployment","Total - Gender","15 years and over","Estimate","Seasonally adjusted","Persons in thousands","428","thousands","3","v2063948","7.6.1.1.1.1","439.0","","","","1"
"2023-01","Ontario","2021A000235","Unemployment","Total - Gender","15 years and over","Estimate","Seasonally adjusted","Persons in thousands","428","thousands","3","v2063948","7.6.1.1.1.1","440.0","","","","1"
"2023-02","Ontario","2021A000235","Unemployment","Total - Gender","15 years and over","Estimate","Seasonally adjusted","Persons in thousands","428","thousands","3","v2063948","7.6.1.1.1.1","431.3","","","","1"
"2023-03","Ontario","2021A000235","Unemployment","Total - Gender","15 years and over","Estimate","Seasonally adjusted","Persons in thousands","428","thousands","3","v2063948","7.6.1.1.1.1","442.4","","","","1"
"2023-04","Ontario","2021A000235","Unemployment","Total - Gender","15 years and over","Estimate","Seasonally adjusted","Persons in thousands","428","thousands","3","v2063948","7.6.1.1.1.1","422.3","","","","1"
"2023-05","Ontario","2021A000235","Unemployment","Total - Gender","15 years and over","Estimate","Seasonally adjusted","Persons in thousands","428","thousands","3","v2063948","7.6.1.1.1.1","465.0","","","","1"
"2023-06","Ontario","2021A000235","Unemployment","Total - Gender","15 years and over","Estimate","Seasonally adjusted","Persons in thousands","428","thousands","3","v2063948","7.6.1.1.1.1","477.3","","","","1"
"2023-07","Ontario","2021A000235","Unemployment","Total - Gender","15 years and over","Estimate","Seasonally adjusted","Persons in thousands","428","thousands","3","v2063948","7.6.1.1.1.1","476.1","","","","1"
"2023-08","Ontario","2021A000235","Unemployment","Total - Gender","15 years and over","Estimate","Seasonally adjusted","Persons in thousands","428","thousands","3","v2063948","7.6.1.1.1.1","491.6","","","","1"
"2023-09","Ontario","2021A000235","Unemployment","Total - Gender","15 years and over","Estimate","Seasonally adjusted","Persons in thousands","428","thousands","3","v2063948","7.6.1.1.1.1","497.4","","","","1"
"2023-10","Ontario","2021A000235","Unemployment","Total - Gender","15 years and over","Estimate","Seasonally adjusted","Persons in thousands","428","thousands","3","v2063948","7.6.1.1.1.1","529.0","","","","1"
"2023-11","Ontario","2021A000235","Unemployment","Total - Gender","15 years and over","Estimate","Seasonally adjusted","Persons in thousands","428","thousands","3","v2063948","7.6.1.1.1.1","522.5","","","","1"
"2023-12","Ontario","2021A000235","Unemployment","Total - Gender","15 years and over","Estimate","Seasonally adjusted","Persons in thousands","428","thousands","3","v2063948","7.6.1.1.1.1","533.5","","","","1"
"2024-01","Ontario","2021A000235","Unemployment","Total - Gender","15 years and over","Estimate","Seasonally adjusted","Persons in thousands","428","thousands","3","v2063948","7.6.1.1.1.1","523.8","","","","1"
"2024-02","Ontario","2021A000235","Unemployment","Total - Gender","15 years and over","Estimate","Seasonally adjusted","Persons in thousands","428","thousands","3","v2063948","7.6.1.1.1.1","570.4","","","","1"
"2024-03","Ontario","2021A000235","Unemployment","Total - Gender","15 years and over","Estimate","Seasonally adjusted","Persons in thousands","428","thousands","3","v2063948","7.6.1.1.1.1","587.9","","","","1"
"2024-04","Ontario","2021A000235","Unemployment","Total - Gender","15 years and over","Estimate","Seasonally adjusted","Persons in thousands","428","thousands","3","v2063948","7.6.1.1.1.1","587.4","","","","1"
"2024-05","Ontario","2021A000235","Unemployment","Total - Gender","15 years and over","Estimate","Seasonally adjusted","Persons in thousands","428","thousands","3","v2063948","7.6.1.1.1.1","589.0","","","","1"
"2024-06","Ontario","2021A000235","Unemployment","Total - Gender","15 years and over","Estimate","Seasonally adjusted","Persons in thousands","428","thousands","3","v2063948","7.6.1.1.1.1","613.8","","","","1"
"2024-07","Ontario","2021A000235","Unemployment","Total - Gender","15 years and over","Estimate","Seasonally adjusted","Persons in thousands","428","thousands","3","v2063948","7.6.1.1.1.1","600.5","","","","1"
"2024-08","Ontario","2021A000235","Unemployment","Total - Gender","15 years and over","Estimate","Seasonally adjusted","Persons in thousands","428","thousands","3","v2063948","7.6.1.1.1.1","636.1","","","","1"
"2024-09","Ontario","2021A000235","Unemployment","Total - Gender","15 years and over","Estimate","Seasonally adjusted","Persons in thousands","428","thousands","3","v2063948","7.6.1.1.1.1","614.9","","","","1"
"2024-10","Ontario","2021A000235","Unemployment","Total - Gender","15 years and over","Estimate","Seasonally adjusted","Persons in thousands","428","thousands","3","v2063948","7.6.1.1.1.1","623.9","","","","1"
"2024-11","Ontario","2021A000235","Unemployment","Total - Gender","15 years and over","Estimate","Seasonally adjusted","Persons in thousands","428","thousands","3","v2063948","7.6.1.1.1.1","693.1","","","","1"
"2024-12","Ontario","2021A000235","Unemployment","Total - Gender","15 years and over","Estimate","Seasonally adjusted","Persons in thousands","428","thousands","3","v2063948","7.6.1.1.1.1","666.4","","","","1"
"2025-01","Ontario","2021A000235","Unemployment","Total - Gender","15 years and over","Estimate","Seasonally adjusted","Persons in thousands","428","thousands","3","v2063948","7.6.1.1.1.1","674.0","","","","1"
"2025-02","Ontario","2021A000235","Unemployment","Total - Gender","15 years and over","Estimate","Seasonally adjusted","Persons in thousands","428","thousands","3","v2063948","7.6.1.1.1.1","656.1","","","","1"
"2025-03","Ontario","2021A000235","Unemployment","Total - Gender","15 years and over","Estimate","Seasonally adjusted","Persons in thousands","428","thousands","3","v2063948","7.6.1.1.1.1","670.0","","","","1"
"2025-04","Ontario","2021A000235","Unemployment","Total - Gender","15 years and over","Estimate","Seasonally adjusted","Persons in thousands","428","thousands","3","v2063948","7.6.1.1.1.1","690.5","","","","1"
"2025-05","Ontario","2021A000235","Unemployment","Total - Gender","15 years and over","Estimate","Seasonally adjusted","Persons in thousands","428","thousands","3","v2063948","7.6.1.1.1.1","702.1","","","","1"
"2025-06","Ontario","2021A000235","Unemployment","Total - Gender","15 years and over","Estimate","Seasonally adjusted","Persons in thousands","428","thousands","3","v2063948","7.6.1.1.1.1","690.9","","","","1"
"2025-07","Ontario","2021A000235","Unemployment","Total - Gender","15 years and over","Estimate","Seasonally adjusted","Persons in thousands","428","thousands","3","v2063948","7.6.1.1.1.1","696.4","","","","1"
"2025-08","Ontario","2021A000235","Unemployment","Total - Gender","15 years and over","Estimate","Seasonally adjusted","Persons in thousands","428","thousands","3","v2063948","7.6.1.1.1.1","685.9","","","","1"
"2025-09","Ontario","2021A000235","Unemployment","Total - Gender","15 years and over","Estimate","Seasonally adjusted","Persons in thousands","428","thousands","3","v2063948","7.6.1.1.1.1","702.9","","","","1"
"2025-10","Ontario","2021A000235","Unemployment","Total - Gender","15 years and over","Estimate","Seasonally adjusted","Persons in thousands","428","thousands","3","v2063948","7.6.1.1.1.1","675.8","","","","1"
"2025-11","Ontario","2021A000235","Unemployment","Total - Gender","15 years and over","Estimate","Seasonally adjusted","Persons in thousands","428","thousands","3","v2063948","7.6.1.1.1.1","658.1","","","","1"
"2025-12","Ontario","2021A000235","Unemployment","Total - Gender","15 years and over","Estimate","Seasonally adjusted","Persons in thousands","428","thousands","3","v2063948","7.6.1.1.1.1","714.3","","","","1"
"2026-01","Ontario","2021A000235","Unemployment","Total - Gender","15 years and over","Estimate","Seasonally adjusted","Persons in thousands","428","thousands","3","v2063948","7.6.1.1.1.1","644.5","","","","1"
"2026-02","Ontario","2021A000235","Unemployment","Total - Gender","15 years and over","Estimate","Seasonally adjusted","Persons in thousands","428","thousands","3","v2063948","7.6.1.1.1.1","672.4","","","","1"
"2026-03","Ontario","2021A000235","Unemployment","Total - Gender","15 years and over","Estimate","Seasonally adjusted","Persons in thousands","428","thousands","3","v2063948","7.6.1.1.1.1","676.1","","","","1"
"2026-04","Ontario","2021A000235","Unemployment","Total - Gender","15 years and over","Estimate","Seasonally adjusted","Persons in thousands","428","thousands","3","v2063948","7.6.1.1.1.1","672.9","","","","1"
"2021-01","Ontario","2021A000235","Unemployment rate","Total - Gender","15 years and over","Estimate","Seasonally adjusted","Percent","239","units","0","v2063949","7.7.1.1.1.1","10.2","","","","1"
"2021-02","Ontario","2021A000235","Unemployment rate","Total - Gender","15 years and over","Estimate","Seasonally adjusted","Percent","239","units","0","v2063949","7.7.1.1.1.1","9.5","","","","1"
"2021-03","Ontario","2021A000235","Unemployment rate","Total - Gender","15 years and over","Estimate","Seasonally adjusted","Percent","239","units","0","v2063949","7.7.1.1.1.1","7.8","","","","1"
"2021-04","Ontario","2021A000235","Unemployment rate","Total - Gender","15 years and over","Estimate","Seasonally adjusted","Percent","239","units","0","v2063949","7.7.1.1.1.1","9.4","","","","1"
"2021-05","Ontario","2021A000235","Unemployment rate","Total - Gender","15 years and over","Estimate","Seasonally adjusted","Percent","239","units","0","v2063949","7.7.1.1.1.1","9.4","","","","1"
"2021-06","Ontario","2021A000235","Unemployment rate","Total - Gender","15 years and over","Estimate","Seasonally adjusted","Percent","239","units","0","v2063949","7.7.1.1.1.1","8.8","","","","1"
"2021-07","Ontario","2021A000235","Unemployment rate","Total - Gender","15 years and over","Estimate","Seasonally adjusted","Percent","239","units","0","v2063949","7.7.1.1.1.1","7.9","","","","1"
"2021-08","Ontario","2021A000235","Unemployment rate","Total - Gender","15 years and over","Estimate","Seasonally adjusted","Percent","239","units","0","v2063949","7.7.1.1.1.1","7.7","","","","1"
"2021-09","Ontario","2021A000235","Unemployment rate","Total - Gender","15 years and over","Estimate","Seasonally adjusted","Percent","239","units","0","v2063949","7.7.1.1.1.1","7.4","","","","1"
"2021-10","Ontario","2021A000235","Unemployment rate","Total - Gender","15 years and over","Estimate","Seasonally adjusted","Percent","239","units","0","v2063949","7.7.1.1.1.1","6.7","","","","1"
"2021-11","Ontario","2021A000235","Unemployment rate","Total - Gender","15 years and over","Estimate","Seasonally adjusted","Percent","239","units","0","v2063949","7.7.1.1.1.1","6.5","","","","1"
"2021-12","Ontario","2021A000235","Unemployment rate","Total - Gender","15 years and over","Estimate","Seasonally adjusted","Percent","239","units","0","v2063949","7.7.1.1.1.1","6.3","","","","1"
"2022-01","Ontario","2021A000235","Unemployment rate","Total - Gender","15 years and over","Estimate","Seasonally adjusted","Percent","239","units","0","v2063949","7.7.1.1.1.1","7.4","","","","1"
"2022-02","Ontario","2021A000235","Unemployment rate","Total - Gender","15 years and over","Estimate","Seasonally adjusted","Percent","239","units","0","v2063949","7.7.1.1.1.1","5.7","","","","1"
"2022-03","Ontario","2021A000235","Unemployment rate","Total - Gender","15 years and over","Estimate","Seasonally adjusted","Percent","239","units","0","v2063949","7.7.1.1.1.1","5.4","","","","1"
"2022-04","Ontario","2021A000235","Unemployment rate","Total - Gender","15 years and over","Estimate","Seasonally adjusted","Percent","239","units","0","v2063949","7.7.1.1.1.1","5.6","","","","1"
"2022-05","Ontario","2021A000235","Unemployment rate","Total - Gender","15 years and over","Estimate","Seasonally adjusted","Percent","239","units","0","v2063949","7.7.1.1.1.1","5.4","","","","1"
"2022-06","Ontario","2021A000235","Unemployment rate","Total - Gender","15 years and over","Estimate","Seasonally adjusted","Percent","239","units","0","v2063949","7.7.1.1.1.1","5.1","","","","1"
"2022-07","Ontario","2021A000235","Unemployment rate","Total - Gender","15 years and over","Estimate","Seasonally adjusted","Percent","239","units","0","v2063949","7.7.1.1.1.1","5.1","","","","1"
"2022-08","Ontario","2021A000235","Unemployment rate","Total - Gender","15 years and over","Estimate","Seasonally adjusted","Percent","239","units","0","v2063949","7.7.1.1.1.1","5.4","","","","1"
"2022-09","Ontario","2021A000235","Unemployment rate","Total - Gender","15 years and over","Estimate","Seasonally adjusted","Percent","239","units","0","v2063949","7.7.1.1.1.1","5.5","","","","1"
"2022-10","Ontario","2021A000235","Unemployment rate","Total - Gender","15 years and over","Estimate","Seasonally adjusted","Percent","239","units","0","v2063949","7.7.1.1.1.1","5.5","","","","1"
"2022-11","Ontario","2021A000235","Unemployment rate","Total - Gender","15 years and over","Estimate","Seasonally adjusted","Percent","239","units","0","v2063949","7.7.1.1.1.1","5.6","","","","1"
"2022-12","Ontario","2021A000235","Unemployment rate","Total - Gender","15 years and over","Estimate","Seasonally adjusted","Percent","239","units","0","v2063949","7.7.1.1.1.1","5.3","","","","1"
"2023-01","Ontario","2021A000235","Unemployment rate","Total - Gender","15 years and over","Estimate","Seasonally adjusted","Percent","239","units","0","v2063949","7.7.1.1.1.1","5.3","","","","1"
"2023-02","Ontario","2021A000235","Unemployment rate","Total - Gender","15 years and over","Estimate","Seasonally adjusted","Percent","239","units","0","v2063949","7.7.1.1.1.1","5.2","","","","1"
"2023-03","Ontario","2021A000235","Unemployment rate","Total - Gender","15 years and over","Estimate","Seasonally adjusted","Percent","239","units","0","v2063949","7.7.1.1.1.1","5.3","","","","1"
"2023-04","Ontario","2021A000235","Unemployment rate","Total - Gender","15 years and over","Estimate","Seasonally adjusted","Percent","239","units","0","v2063949","7.7.1.1.1.1","5.0","","","","1"
"2023-05","Ontario","2021A000235","Unemployment rate","Total - Gender","15 years and over","Estimate","Seasonally adjusted","Percent","239","units","0","v2063949","7.7.1.1.1.1","5.5","","","","1"
"2023-06","Ontario","2021A000235","Unemployment rate","Total - Gender","15 years and over","Estimate","Seasonally adjusted","Percent","239","units","0","v2063949","7.7.1.1.1.1","5.6","","","","1"
"2023-07","Ontario","2021A000235","Unemployment rate","Total - Gender","15 years and over","Estimate","Seasonally adjusted","Percent","239","units","0","v2063949","7.7.1.1.1.1","5.6","","","","1"
"2023-08","Ontario","2021A000235","Unemployment rate","Total - Gender","15 years and over","Estimate","Seasonally adjusted","Percent","239","units","0","v2063949","7.7.1.1.1.1","5.8","","","","1"
"2023-09","Ontario","2021A000235","Unemployment rate","Total - Gender","15 years and over","Estimate","Seasonally adjusted","Percent","239","units","0","v2063949","7.7.1.1.1.1","5.8","","","","1"
"2023-10","Ontario","2021A000235","Unemployment rate","Total - Gender","15 years and over","Estimate","Seasonally adjusted","Percent","239","units","0","v2063949","7.7.1.1.1.1","6.2","","","","1"
"2023-11","Ontario","2021A000235","Unemployment rate","Total - Gender","15 years and over","Estimate","Seasonally adjusted","Percent","239","units","0","v2063949","7.7.1.1.1.1","6.1","","","","1"
"2023-12","Ontario","2021A000235","Unemployment rate","Total - Gender","15 years and over","Estimate","Seasonally adjusted","Percent","239","units","0","v2063949","7.7.1.1.1.1","6.2","","","","1"
"2024-01","Ontario","2021A000235","Unemployment rate","Total - Gender","15 years and over","Estimate","Seasonally adjusted","Percent","239","units","0","v2063949","7.7.1.1.1.1","6.1","","","","1"
"2024-02","Ontario","2021A000235","Unemployment rate","Total - Gender","15 years and over","Estimate","Seasonally adjusted","Percent","239","units","0","v2063949","7.7.1.1.1.1","6.6","","","","1"
"2024-03","Ontario","2021A000235","Unemployment rate","Total - Gender","15 years and over","Estimate","Seasonally adjusted","Percent","239","units","0","v2063949","7.7.1.1.1.1","6.8","","","","1"
"2024-04","Ontario","2021A000235","Unemployment rate","Total - Gender","15 years and over","Estimate","Seasonally adjusted","Percent","239","units","0","v2063949","7.7.1.1.1.1","6.8","","","","1"
"2024-05","Ontario","2021A000235","Unemployment rate","Total - Gender","15 years and over","Estimate","Seasonally adjusted","Percent","239","units","0","v2063949","7.7.1.1.1.1","6.7","","","","1"
"2024-06","Ontario","2021A000235","Unemployment rate","Total - Gender","15 years and over","Estimate","Seasonally adjusted","Percent","239","units","0","v2063949","7.7.1.1.1.1","7.0","","","","1"
"2024-07","Ontario","2021A000235","Unemployment rate","Total - Gender","15 years and over","Estimate","Seasonally adjusted","Percent","239","units","0","v2063949","7.7.1.1.1.1","6.8","","","","1"
"2024-08","Ontario","2021A000235","Unemployment rate","Total - Gender","15 years and over","Estimate","Seasonally adjusted","Percent","239","units","0","v2063949","7.7.1.1.1.1","7.2","","","","1"
"2024-09","Ontario","2021A000235","Unemployment rate","Total - Gender","15 years and over","Estimate","Seasonally adjusted","Percent","239","units","0","v2063949","7.7.1.1.1.1","7.0","","","","1"
"2024-10","Ontario","2021A000235","Unemployment rate","Total - Gender","15 years and over","Estimate","Seasonally adjusted","Percent","239","units","0","v2063949","7.7.1.1.1.1","7.1","","","","1"
"2024-11","Ontario","2021A000235","Unemployment rate","Total - Gender","15 years and over","Estimate","Seasonally adjusted","Percent","239","units","0","v2063949","7.7.1.1.1.1","7.8","","","","1"
"2024-12","Ontario","2021A000235","Unemployment rate","Total - Gender","15 years and over","Estimate","Seasonally adjusted","Percent","239","units","0","v2063949","7.7.1.1.1.1","7.5","","","","1"
"2025-01","Ontario","2021A000235","Unemployment rate","Total - Gender","15 years and over","Estimate","Seasonally adjusted","Percent","239","units","0","v2063949","7.7.1.1.1.1","7.6","","","","1"
"2025-02","Ontario","2021A000235","Unemployment rate","Total - Gender","15 years and over","Estimate","Seasonally adjusted","Percent","239","units","0","v2063949","7.7.1.1.1.1","7.4","","","","1"
"2025-03","Ontario","2021A000235","Unemployment rate","Total - Gender","15 years and over","Estimate","Seasonally adjusted","Percent","239","units","0","v2063949","7.7.1.1.1.1","7.5","","","","1"
"2025-04","Ontario","2021A000235","Unemployment rate","Total - Gender","15 years and over","Estimate","Seasonally adjusted","Percent","239","units","0","v2063949","7.7.1.1.1.1","7.8","","","","1"
"2025-05","Ontario","2021A000235","Unemployment rate","Total - Gender","15 years and over","Estimate","Seasonally adjusted","Percent","239","units","0","v2063949","7.7.1.1.1.1","7.9","","","","1"
"2025-06","Ontario","2021A000235","Unemployment rate","Total - Gender","15 years and over","Estimate","Seasonally adjusted","Percent","239","units","0","v2063949","7.7.1.1.1.1","7.8","","","","1"
"2025-07","Ontario","2021A000235","Unemployment rate","Total - Gender","15 years and over","Estimate","Seasonally adjusted","Percent","239","units","0","v2063949","7.7.1.1.1.1","7.8","","","","1"
"2025-08","Ontario","2021A000235","Unemployment rate","Total - Gender","15 years and over","Estimate","Seasonally adjusted","Percent","239","units","0","v2063949","7.7.1.1.1.1","7.7","","","","1"
"2025-09","Ontario","2021A000235","Unemployment rate","Total - Gender","15 years and over","Estimate","Seasonally adjusted","Percent","239","units","0","v2063949","7.7.1.1.1.1","7.9","","","","1"
"2025-10","Ontario","2021A000235","Unemployment rate","Total - Gender","15 years and over","Estimate","Seasonally adjusted","Percent","239","units","0","v2063949","7.7.1.1.1.1","7.6","","","","1"
"2025-11","Ontario","2021A000235","Unemployment rate","Total - Gender","15 years and over","Estimate","Seasonally adjusted","Percent","239","units","0","v2063949","7.7.1.1.1.1","7.4","","","","1"
"2025-12","Ontario","2021A000235","Unemployment rate","Total - Gender","15 years and over","Estimate","Seasonally adjusted","Percent","239","units","0","v2063949","7.7.1.1.1.1","7.9","","","","1"
"2026-01","Ontario","2021A000235","Unemployment rate","Total - Gender","15 years and over","Estimate","Seasonally adjusted","Percent","239","units","0","v2063949","7.7.1.1.1.1","7.3","","","","1"
"2026-02","Ontario","2021A000235","Unemployment rate","Total - Gender","15 years and over","Estimate","Seasonally adjusted","Percent","239","units","0","v2063949","7.7.1.1.1.1","7.6","","","","1"
"2026-03","Ontario","2021A000235","Unemployment rate","Total - Gender","15 years and over","Estimate","Seasonally adjusted","Percent","239","units","0","v2063949","7.7.1.1.1.1","7.6","","","","1"
"2026-04","Ontario","2021A000235","Unemployment rate","Total - Gender","15 years and over","Estimate","Seasonally adjusted","Percent","239","units","0","v2063949","7.7.1.1.1.1","7.5","","","","1"
"2021-01","Ontario","2021A000235","Participation rate","Total - Gender","15 years and over","Estimate","Seasonally adjusted","Percent","239","units","0","v2063950","7.8.1.1.1.1","64.3","","","","1"
"2021-02","Ontario","2021A000235","Participation rate","Total - Gender","15 years and over","Estimate","Seasonally adjusted","Percent","239","units","0","v2063950","7.8.1.1.1.1","64.8","","","","1"
"2021-03","Ontario","2021A000235","Participation rate","Total - Gender","15 years and over","Estimate","Seasonally adjusted","Percent","239","units","0","v2063950","7.8.1.1.1.1","64.9","","","","1"
"2021-04","Ontario","2021A000235","Participation rate","Total - Gender","15 years and over","Estimate","Seasonally adjusted","Percent","239","units","0","v2063950","7.8.1.1.1.1","64.7","","","","1"
"2021-05","Ontario","2021A000235","Participation rate","Total - Gender","15 years and over","Estimate","Seasonally adjusted","Percent","239","units","0","v2063950","7.8.1.1.1.1","64.5","","","","1"
"2021-06","Ontario","2021A000235","Participation rate","Total - Gender","15 years and over","Estimate","Seasonally adjusted","Percent","239","units","0","v2063950","7.8.1.1.1.1","65.1","","","","1"
"2021-07","Ontario","2021A000235","Participation rate","Total - Gender","15 years and over","Estimate","Seasonally adjusted","Percent","239","units","0","v2063950","7.8.1.1.1.1","65.3","","","","1"
"2021-08","Ontario","2021A000235","Participation rate","Total - Gender","15 years and over","Estimate","Seasonally adjusted","Percent","239","units","0","v2063950","7.8.1.1.1.1","65.3","","","","1"
"2021-09","Ontario","2021A000235","Participation rate","Total - Gender","15 years and over","Estimate","Seasonally adjusted","Percent","239","units","0","v2063950","7.8.1.1.1.1","65.9","","","","1"
"2021-10","Ontario","2021A000235","Participation rate","Total - Gender","15 years and over","Estimate","Seasonally adjusted","Percent","239","units","0","v2063950","7.8.1.1.1.1","65.7","","","","1"
"2021-11","Ontario","2021A000235","Participation rate","Total - Gender","15 years and over","Estimate","Seasonally adjusted","Percent","239","units","0","v2063950","7.8.1.1.1.1","65.9","","","","1"
"2021-12","Ontario","2021A000235","Participation rate","Total - Gender","15 years and over","Estimate","Seasonally adjusted","Percent","239","units","0","v2063950","7.8.1.1.1.1","66.2","","","","1"
"2022-01","Ontario","2021A000235","Participation rate","Total - Gender","15 years and over","Estimate","Seasonally adjusted","Percent","239","units","0","v2063950","7.8.1.1.1.1","65.4","","","","1"
"2022-02","Ontario","2021A000235","Participation rate","Total - Gender","15 years and over","Estimate","Seasonally adjusted","Percent","239","units","0","v2063950","7.8.1.1.1.1","65.7","","","","1"
"2022-03","Ontario","2021A000235","Participation rate","Total - Gender","15 years and over","Estimate","Seasonally adjusted","Percent","239","units","0","v2063950","7.8.1.1.1.1","65.6","","","","1"
"2022-04","Ontario","2021A000235","Participation rate","Total - Gender","15 years and over","Estimate","Seasonally adjusted","Percent","239","units","0","v2063950","7.8.1.1.1.1","65.9","","","","1"
"2022-05","Ontario","2021A000235","Participation rate","Total - Gender","15 years and over","Estimate","Seasonally adjusted","Percent","239","units","0","v2063950","7.8.1.1.1.1","65.7","","","","1"
"2022-06","Ontario","2021A000235","Participation rate","Total - Gender","15 years and over","Estimate","Seasonally adjusted","Percent","239","units","0","v2063950","7.8.1.1.1.1","65.3","","","","1"
"2022-07","Ontario","2021A000235","Participation rate","Total - Gender","15 years and over","Estimate","Seasonally adjusted","Percent","239","units","0","v2063950","7.8.1.1.1.1","65.3","","","","1"
"2022-08","Ontario","2021A000235","Participation rate","Total - Gender","15 years and over","Estimate","Seasonally adjusted","Percent","239","units","0","v2063950","7.8.1.1.1.1","65.2","","","","1"
"2022-09","Ontario","2021A000235","Participation rate","Total - Gender","15 years and over","Estimate","Seasonally adjusted","Percent","239","units","0","v2063950","7.8.1.1.1.1","65.0","","","","1"
"2022-10","Ontario","2021A000235","Participation rate","Total - Gender","15 years and over","Estimate","Seasonally adjusted","Percent","239","units","0","v2063950","7.8.1.1.1.1","65.3","","","","1"
"2022-11","Ontario","2021A000235","Participation rate","Total - Gender","15 years and over","Estimate","Seasonally adjusted","Percent","239","units","0","v2063950","7.8.1.1.1.1","65.4","","","","1"
"2022-12","Ontario","2021A000235","Participation rate","Total - Gender","15 years and over","Estimate","Seasonally adjusted","Percent","239","units","0","v2063950","7.8.1.1.1.1","65.4","","","","1"
"2023-01","Ontario","2021A000235","Participation rate","Total - Gender","15 years and over","Estimate","Seasonally adjusted","Percent","239","units","0","v2063950","7.8.1.1.1.1","65.6","","","","1"
"2023-02","Ontario","2021A000235","Participation rate","Total - Gender","15 years and over","Estimate","Seasonally adjusted","Percent","239","units","0","v2063950","7.8.1.1.1.1","65.6","","","","1"
"2023-03","Ontario","2021A000235","Participation rate","Total - Gender","15 years and over","Estimate","Seasonally adjusted","Percent","239","units","0","v2063950","7.8.1.1.1.1","65.7","","","","1"
"2023-04","Ontario","2021A000235","Participation rate","Total - Gender","15 years and over","Estimate","Seasonally adjusted","Percent","239","units","0","v2063950","7.8.1.1.1.1","65.6","","","","1"
"2023-05","Ontario","2021A000235","Participation rate","Total - Gender","15 years and over","Estimate","Seasonally adjusted","Percent","239","units","0","v2063950","7.8.1.1.1.1","65.7","","","","1"
"2023-06","Ontario","2021A000235","Participation rate","Total - Gender","15 years and over","Estimate","Seasonally adjusted","Percent","239","units","0","v2063950","7.8.1.1.1.1","66.0","","","","1"
"2023-07","Ontario","2021A000235","Participation rate","Total - Gender","15 years and over","Estimate","Seasonally adjusted","Percent","239","units","0","v2063950","7.8.1.1.1.1","65.8","","","","1"
"2023-08","Ontario","2021A000235","Participation rate","Total - Gender","15 years and over","Estimate","Seasonally adjusted","Percent","239","units","0","v2063950","7.8.1.1.1.1","65.8","","","","1"
"2023-09","Ontario","2021A000235","Participation rate","Total - Gender","15 years and over","Estimate","Seasonally adjusted","Percent","239","units","0","v2063950","7.8.1.1.1.1","65.8","","","","1"
"2023-10","Ontario","2021A000235","Participation rate","Total - Gender","15 years and over","Estimate","Seasonally adjusted","Percent","239","units","0","v2063950","7.8.1.1.1.1","65.7","","","","1"
"2023-11","Ontario","2021A000235","Participation rate","Total - Gender","15 years and over","Estimate","Seasonally adjusted","Percent","239","units","0","v2063950","7.8.1.1.1.1","65.5","","","","1"
"2023-12","Ontario","2021A000235","Participation rate","Total - Gender","15 years and over","Estimate","Seasonally adjusted","Percent","239","units","0","v2063950","7.8.1.1.1.1","65.2","","","","1"
"2024-01","Ontario","2021A000235","Participation rate","Total - Gender","15 years and over","Estimate","Seasonally adjusted","Percent","239","units","0","v2063950","7.8.1.1.1.1","65.0","","","","1"
"2024-02","Ontario","2021A000235","Participation rate","Total - Gender","15 years and over","Estimate","Seasonally adjusted","Percent","239","units","0","v2063950","7.8.1.1.1.1","65.2","","","","1"
"2024-03","Ontario","2021A000235","Participation rate","Total - Gender","15 years and over","Estimate","Seasonally adjusted","Percent","239","units","0","v2063950","7.8.1.1.1.1","65.4","","","","1"
"2024-04","Ontario","2021A000235","Participation rate","Total - Gender","15 years and over","Estimate","Seasonally adjusted","Percent","239","units","0","v2063950","7.8.1.1.1.1","65.3","","","","1"
"2024-05","Ontario","2021A000235","Participation rate","Total - Gender","15 years and over","Estimate","Seasonally adjusted","Percent","239","units","0","v2063950","7.8.1.1.1.1","65.4","","","","1"
"2024-06","Ontario","2021A000235","Participation rate","Total - Gender","15 years and over","Estimate","Seasonally adjusted","Percent","239","units","0","v2063950","7.8.1.1.1.1","65.4","","","","1"
"2024-07","Ontario","2021A000235","Participation rate","Total - Gender","15 years and over","Estimate","Seasonally adjusted","Percent","239","units","0","v2063950","7.8.1.1.1.1","65.2","","","","1"
"2024-08","Ontario","2021A000235","Participation rate","Total - Gender","15 years and over","Estimate","Seasonally adjusted","Percent","239","units","0","v2063950","7.8.1.1.1.1","65.3","","","","1"
"2024-09","Ontario","2021A000235","Participation rate","Total - Gender","15 years and over","Estimate","Seasonally adjusted","Percent","239","units","0","v2063950","7.8.1.1.1.1","65.2","","","","1"
"2024-10","Ontario","2021A000235","Participation rate","Total - Gender","15 years and over","Estimate","Seasonally adjusted","Percent","239","units","0","v2063950","7.8.1.1.1.1","64.9","","","","1"
"2024-11","Ontario","2021A000235","Participation rate","Total - Gender","15 years and over","Estimate","Seasonally adjusted","Percent","239","units","0","v2063950","7.8.1.1.1.1","65.3","","","","1"
"2024-12","Ontario","2021A000235","Participation rate","Total - Gender","15 years and over","Estimate","Seasonally adjusted","Percent","239","units","0","v2063950","7.8.1.1.1.1","65.2","","","","1"
"2025-01","Ontario","2021A000235","Participation rate","Total - Gender","15 years and over","Estimate","Seasonally adjusted","Percent","239","units","0","v2063950","7.8.1.1.1.1","65.4","","","","1"
"2025-02","Ontario","2021A000235","Participation rate","Total - Gender","15 years and over","Estimate","Seasonally adjusted","Percent","239","units","0","v2063950","7.8.1.1.1.1","65.2","","","","1"
"2025-03","Ontario","2021A000235","Participation rate","Total - Gender","15 years and over","Estimate","Seasonally adjusted","Percent","239","units","0","v2063950","7.8.1.1.1.1","65.1","","","","1"
"2025-04","Ontario","2021A000235","Participation rate","Total - Gender","15 years and over","Estimate","Seasonally adjusted","Percent","239","units","0","v2063950","7.8.1.1.1.1","64.9","","","","1"
"2025-05","Ontario","2021A000235","Participation rate","Total - Gender","15 years and over","Estimate","Seasonally adjusted","Percent","239","units","0","v2063950","7.8.1.1.1.1","65.0","","","","1"
"2025-06","Ontario","2021A000235","Participation rate","Total - Gender","15 years and over","Estimate","Seasonally adjusted","Percent","239","units","0","v2063950","7.8.1.1.1.1","64.9","","","","1"
"2025-07","Ontario","2021A000235","Participation rate","Total - Gender","15 years and over","Estimate","Seasonally adjusted","Percent","239","units","0","v2063950","7.8.1.1.1.1","65.0","","","","1"
"2025-08","Ontario","2021A000235","Participation rate","Total - Gender","15 years and over","Estimate","Seasonally adjusted","Percent","239","units","0","v2063950","7.8.1.1.1.1","64.7","","","","1"
"2025-09","Ontario","2021A000235","Participation rate","Total - Gender","15 years and over","Estimate","Seasonally adjusted","Percent","239","units","0","v2063950","7.8.1.1.1.1","64.8","","","","1"
"2025-10","Ontario","2021A000235","Participation rate","Total - Gender","15 years and over","Estimate","Seasonally adjusted","Percent","239","units","0","v2063950","7.8.1.1.1.1","65.0","","","","1"
"2025-11","Ontario","2021A000235","Participation rate","Total - Gender","15 years and over","Estimate","Seasonally adjusted","Percent","239","units","0","v2063950","7.8.1.1.1.1","64.8","","","","1"
"2025-12","Ontario","2021A000235","Participation rate","Total - Gender","15 years and over","Estimate","Seasonally adjusted","Percent","239","units","0","v2063950","7.8.1.1.1.1","65.4","","","","1"
"2026-01","Ontario","2021A000235","Participation rate","Total - Gender","15 years and over","Estimate","Seasonally adjusted","Percent","239","units","0","v2063950","7.8.1.1.1.1","64.4","","","","1"
"2026-02","Ontario","2021A000235","Participation rate","Total - Gender","15 years and over","Estimate","Seasonally adjusted","Percent","239","units","0","v2063950","7.8.1.1.1.1","64.6","","","","1"
"2026-03","Ontario","2021A000235","Participation rate","Total - Gender","15 years and over","Estimate","Seasonally adjusted","Percent","239","units","0","v2063950","7.8.1.1.1.1","64.6","","","","1"
"2026-04","Ontario","2021A000235","Participation rate","Total - Gender","15 years and over","Estimate","Seasonally adjusted","Percent","239","units","0","v2063950","7.8.1.1.1.1","64.8","","","","1"
"2021-01","Ontario","2021A000235","Employment rate","Total - Gender","15 years and over","Estimate","Seasonally adjusted","Percent","239","units","0","v2063951","7.9.1.1.1.1","57.8","","","","1"
"2021-02","Ontario","2021A000235","Employment rate","Total - Gender","15 years and over","Estimate","Seasonally adjusted","Percent","239","units","0","v2063951","7.9.1.1.1.1","58.7","","","","1"
"2021-03","Ontario","2021A000235","Employment rate","Total - Gender","15 years and over","Estimate","Seasonally adjusted","Percent","239","units","0","v2063951","7.9.1.1.1.1","59.8","","","","1"
"2021-04","Ontario","2021A000235","Employment rate","Total - Gender","15 years and over","Estimate","Seasonally adjusted","Percent","239","units","0","v2063951","7.9.1.1.1.1","58.7","","","","1"
"2021-05","Ontario","2021A000235","Employment rate","Total - Gender","15 years and over","Estimate","Seasonally adjusted","Percent","239","units","0","v2063951","7.9.1.1.1.1","58.4","","","","1"
"2021-06","Ontario","2021A000235","Employment rate","Total - Gender","15 years and over","Estimate","Seasonally adjusted","Percent","239","units","0","v2063951","7.9.1.1.1.1","59.4","","","","1"
"2021-07","Ontario","2021A000235","Employment rate","Total - Gender","15 years and over","Estimate","Seasonally adjusted","Percent","239","units","0","v2063951","7.9.1.1.1.1","60.1","","","","1"
"2021-08","Ontario","2021A000235","Employment rate","Total - Gender","15 years and over","Estimate","Seasonally adjusted","Percent","239","units","0","v2063951","7.9.1.1.1.1","60.3","","","","1"
"2021-09","Ontario","2021A000235","Employment rate","Total - Gender","15 years and over","Estimate","Seasonally adjusted","Percent","239","units","0","v2063951","7.9.1.1.1.1","61.0","","","","1"
"2021-10","Ontario","2021A000235","Employment rate","Total - Gender","15 years and over","Estimate","Seasonally adjusted","Percent","239","units","0","v2063951","7.9.1.1.1.1","61.2","","","","1"
"2021-11","Ontario","2021A000235","Employment rate","Total - Gender","15 years and over","Estimate","Seasonally adjusted","Percent","239","units","0","v2063951","7.9.1.1.1.1","61.7","","","","1"
"2021-12","Ontario","2021A000235","Employment rate","Total - Gender","15 years and over","Estimate","Seasonally adjusted","Percent","239","units","0","v2063951","7.9.1.1.1.1","62.0","","","","1"
"2022-01","Ontario","2021A000235","Employment rate","Total - Gender","15 years and over","Estimate","Seasonally adjusted","Percent","239","units","0","v2063951","7.9.1.1.1.1","60.6","","","","1"
"2022-02","Ontario","2021A000235","Employment rate","Total - Gender","15 years and over","Estimate","Seasonally adjusted","Percent","239","units","0","v2063951","7.9.1.1.1.1","62.0","","","","1"
"2022-03","Ontario","2021A000235","Employment rate","Total - Gender","15 years and over","Estimate","Seasonally adjusted","Percent","239","units","0","v2063951","7.9.1.1.1.1","62.0","","","","1"
"2022-04","Ontario","2021A000235","Employment rate","Total - Gender","15 years and over","Estimate","Seasonally adjusted","Percent","239","units","0","v2063951","7.9.1.1.1.1","62.2","","","","1"
"2022-05","Ontario","2021A000235","Employment rate","Total - Gender","15 years and over","Estimate","Seasonally adjusted","Percent","239","units","0","v2063951","7.9.1.1.1.1","62.2","","","","1"
"2022-06","Ontario","2021A000235","Employment rate","Total - Gender","15 years and over","Estimate","Seasonally adjusted","Percent","239","units","0","v2063951","7.9.1.1.1.1","61.9","","","","1"
"2022-07","Ontario","2021A000235","Employment rate","Total - Gender","15 years and over","Estimate","Seasonally adjusted","Percent","239","units","0","v2063951","7.9.1.1.1.1","62.0","","","","1"
"2022-08","Ontario","2021A000235","Employment rate","Total - Gender","15 years and over","Estimate","Seasonally adjusted","Percent","239","units","0","v2063951","7.9.1.1.1.1","61.7","","","","1"
"2022-09","Ontario","2021A000235","Employment rate","Total - Gender","15 years and over","Estimate","Seasonally adjusted","Percent","239","units","0","v2063951","7.9.1.1.1.1","61.4","","","","1"
"2022-10","Ontario","2021A000235","Employment rate","Total - Gender","15 years and over","Estimate","Seasonally adjusted","Percent","239","units","0","v2063951","7.9.1.1.1.1","61.7","","","","1"
"2022-11","Ontario","2021A000235","Employment rate","Total - Gender","15 years and over","Estimate","Seasonally adjusted","Percent","239","units","0","v2063951","7.9.1.1.1.1","61.7","","","","1"
"2022-12","Ontario","2021A000235","Employment rate","Total - Gender","15 years and over","Estimate","Seasonally adjusted","Percent","239","units","0","v2063951","7.9.1.1.1.1","62.0","","","","1"
"2023-01","Ontario","2021A000235","Employment rate","Total - Gender","15 years and over","Estimate","Seasonally adjusted","Percent","239","units","0","v2063951","7.9.1.1.1.1","62.1","","","","1"
"2023-02","Ontario","2021A000235","Employment rate","Total - Gender","15 years and over","Estimate","Seasonally adjusted","Percent","239","units","0","v2063951","7.9.1.1.1.1","62.2","","","","1"
"2023-03","Ontario","2021A000235","Employment rate","Total - Gender","15 years and over","Estimate","Seasonally adjusted","Percent","239","units","0","v2063951","7.9.1.1.1.1","62.3","","","","1"
"2023-04","Ontario","2021A000235","Employment rate","Total - Gender","15 years and over","Estimate","Seasonally adjusted","Percent","239","units","0","v2063951","7.9.1.1.1.1","62.3","","","","1"
"2023-05","Ontario","2021A000235","Employment rate","Total - Gender","15 years and over","Estimate","Seasonally adjusted","Percent","239","units","0","v2063951","7.9.1.1.1.1","62.1","","","","1"
"2023-06","Ontario","2021A000235","Employment rate","Total - Gender","15 years and over","Estimate","Seasonally adjusted","Percent","239","units","0","v2063951","7.9.1.1.1.1","62.3","","","","1"
"2023-07","Ontario","2021A000235","Employment rate","Total - Gender","15 years and over","Estimate","Seasonally adjusted","Percent","239","units","0","v2063951","7.9.1.1.1.1","62.1","","","","1"
"2023-08","Ontario","2021A000235","Employment rate","Total - Gender","15 years and over","Estimate","Seasonally adjusted","Percent","239","units","0","v2063951","7.9.1.1.1.1","62.0","","","","1"
"2023-09","Ontario","2021A000235","Employment rate","Total - Gender","15 years and over","Estimate","Seasonally adjusted","Percent","239","units","0","v2063951","7.9.1.1.1.1","62.0","","","","1"
"2023-10","Ontario","2021A000235","Employment rate","Total - Gender","15 years and over","Estimate","Seasonally adjusted","Percent","239","units","0","v2063951","7.9.1.1.1.1","61.7","","","","1"
"2023-11","Ontario","2021A000235","Employment rate","Total - Gender","15 years and over","Estimate","Seasonally adjusted","Percent","239","units","0","v2063951","7.9.1.1.1.1","61.6","","","","1"
"2023-12","Ontario","2021A000235","Employment rate","Total - Gender","15 years and over","Estimate","Seasonally adjusted","Percent","239","units","0","v2063951","7.9.1.1.1.1","61.2","","","","1"
"2024-01","Ontario","2021A000235","Employment rate","Total - Gender","15 years and over","Estimate","Seasonally adjusted","Percent","239","units","0","v2063951","7.9.1.1.1.1","61.0","","","","1"
"2024-02","Ontario","2021A000235","Employment rate","Total - Gender","15 years and over","Estimate","Seasonally adjusted","Percent","239","units","0","v2063951","7.9.1.1.1.1","60.9","","","","1"
"2024-03","Ontario","2021A000235","Employment rate","Total - Gender","15 years and over","Estimate","Seasonally adjusted","Percent","239","units","0","v2063951","7.9.1.1.1.1","61.0","","","","1"
"2024-04","Ontario","2021A000235","Employment rate","Total - Gender","15 years and over","Estimate","Seasonally adjusted","Percent","239","units","0","v2063951","7.9.1.1.1.1","60.9","","","","1"
"2024-05","Ontario","2021A000235","Employment rate","Total - Gender","15 years and over","Estimate","Seasonally adjusted","Percent","239","units","0","v2063951","7.9.1.1.1.1","61.0","","","","1"
"2024-06","Ontario","2021A000235","Employment rate","Total - Gender","15 years and over","Estimate","Seasonally adjusted","Percent","239","units","0","v2063951","7.9.1.1.1.1","60.8","","","","1"
"2024-07","Ontario","2021A000235","Employment rate","Total - Gender","15 years and over","Estimate","Seasonally adjusted","Percent","239","units","0","v2063951","7.9.1.1.1.1","60.8","","","","1"
"2024-08","Ontario","2021A000235","Employment rate","Total - Gender","15 years and over","Estimate","Seasonally adjusted","Percent","239","units","0","v2063951","7.9.1.1.1.1","60.6","","","","1"
"2024-09","Ontario","2021A000235","Employment rate","Total - Gender","15 years and over","Estimate","Seasonally adjusted","Percent","239","units","0","v2063951","7.9.1.1.1.1","60.6","","","","1"
"2024-10","Ontario","2021A000235","Employment rate","Total - Gender","15 years and over","Estimate","Seasonally adjusted","Percent","239","units","0","v2063951","7.9.1.1.1.1","60.3","","","","1"
"2024-11","Ontario","2021A000235","Employment rate","Total - Gender","15 years and over","Estimate","Seasonally adjusted","Percent","239","units","0","v2063951","7.9.1.1.1.1","60.2","","","","1"
"2024-12","Ontario","2021A000235","Employment rate","Total - Gender","15 years and over","Estimate","Seasonally adjusted","Percent","239","units","0","v2063951","7.9.1.1.1.1","60.3","","","","1"
"2025-01","Ontario","2021A000235","Employment rate","Total - Gender","15 years and over","Estimate","Seasonally adjusted","Percent","239","units","0","v2063951","7.9.1.1.1.1","60.4","","","","1"
"2025-02","Ontario","2021A000235","Employment rate","Total - Gender","15 years and over","Estimate","Seasonally adjusted","Percent","239","units","0","v2063951","7.9.1.1.1.1","60.4","","","","1"
"2025-03","Ontario","2021A000235","Employment rate","Total - Gender","15 years and over","Estimate","Seasonally adjusted","Percent","239","units","0","v2063951","7.9.1.1.1.1","60.2","","","","1"
"2025-04","Ontario","2021A000235","Employment rate","Total - Gender","15 years and over","Estimate","Seasonally adjusted","Percent","239","units","0","v2063951","7.9.1.1.1.1","59.9","","","","1"
"2025-05","Ontario","2021A000235","Employment rate","Total - Gender","15 years and over","Estimate","Seasonally adjusted","Percent","239","units","0","v2063951","7.9.1.1.1.1","59.9","","","","1"
"2025-06","Ontario","2021A000235","Employment rate","Total - Gender","15 years and over","Estimate","Seasonally adjusted","Percent","239","units","0","v2063951","7.9.1.1.1.1","59.9","","","","1"
"2025-07","Ontario","2021A000235","Employment rate","Total - Gender","15 years and over","Estimate","Seasonally adjusted","Percent","239","units","0","v2063951","7.9.1.1.1.1","59.9","","","","1"
"2025-08","Ontario","2021A000235","Employment rate","Total - Gender","15 years and over","Estimate","Seasonally adjusted","Percent","239","units","0","v2063951","7.9.1.1.1.1","59.7","","","","1"
"2025-09","Ontario","2021A000235","Employment rate","Total - Gender","15 years and over","Estimate","Seasonally adjusted","Percent","239","units","0","v2063951","7.9.1.1.1.1","59.7","","","","1"
"2025-10","Ontario","2021A000235","Employment rate","Total - Gender","15 years and over","Estimate","Seasonally adjusted","Percent","239","units","0","v2063951","7.9.1.1.1.1","60.1","","","","1"
"2025-11","Ontario","2021A000235","Employment rate","Total - Gender","15 years and over","Estimate","Seasonally adjusted","Percent","239","units","0","v2063951","7.9.1.1.1.1","60.1","","","","1"
"2025-12","Ontario","2021A000235","Employment rate","Total - Gender","15 years and over","Estimate","Seasonally adjusted","Percent","239","units","0","v2063951","7.9.1.1.1.1","60.2","","","","1"
"2026-01","Ontario","2021A000235","Employment rate","Total - Gender","15 years and over","Estimate","Seasonally adjusted","Percent","239","units","0","v2063951","7.9.1.1.1.1","59.7","","","","1"
"2026-02","Ontario","2021A000235","Employment rate","Total - Gender","15 years and over","Estimate","Seasonally adjusted","Percent","239","units","0","v2063951","7.9.1.1.1.1","59.7","","","","1"
"2026-03","Ontario","2021A000235","Employment rate","Total - Gender","15 years and over","Estimate","Seasonally adjusted","Percent","239","units","0","v2063951","7.9.1.1.1.1","59.6","","","","1"
"2026-04","Ontario","2021A000235","Employment rate","Total - Gender","15 years and over","Estimate","Seasonally adjusted","Percent","239","units","0","v2063951","7.9.1.1.1.1","59.9","","","","1"


